vendor_id,vendor_name,vendor_region,vendor_country,vendor_is_preferred,vendor_is_strategic,vendor_diversity_classification,vendor_risk_tier,vendor_risk_score,po_count,total_spend,avg_po_amount,first_po_date,last_po_date,maverick_spend,maverick_po_count,spend_share_pct,spend_rank,spend_tier,cumulative_spend_share_pct
V00368,Allen-Sandoval,Latin America,Argentina,True,False,,Low,22,369,10770472.4,29188.27208672,2024-01-01,2025-12-30,32959.45,2,0.08973444,1,Top 20,0.08973444
V00169,Vasquez-Ray,Asia Pacific,Singapore,True,True,,Low,4,125,8714258.53,69714.06824,2024-01-04,2025-12-25,65734.02,5,0.07260305,2,Top 20,0.16233749
V00403,Owens-Holmes,North America,Mexico,False,False,Small Business,Low,38,184,3211246.57,17452.42701087,2024-01-03,2025-12-30,0.0,0,0.02675458,3,Top 20,0.18909207
V00298,Rodriguez-Gregory,Europe,France,False,False,Women-Owned,Low,7,11,1347950.87,122540.98818182,2024-03-07,2025-12-10,478254.11,2,0.01123048,4,Top 20,0.20032255
V00276,"Jacobs, Garcia and Miles",Europe,UK,False,True,,Medium,44,8,1204444.99,150555.62375,2024-02-24,2025-11-26,31706.75,1,0.01003486,5,Top 20,0.21035741
V00448,"Lara, Baker and Washington",Europe,Netherlands,False,False,,Low,12,11,982811.88,89346.53454545,2024-03-07,2025-12-15,418254.62,4,0.00818832,6,Top 20,0.21854573
V00200,"Moore, Pierce and Tran",North America,USA,False,True,,Low,13,19,860811.65,45305.87631579,2024-02-14,2025-11-17,194508.57,6,0.00717187,7,Top 20,0.2257176
V00029,Chavez Ltd,Asia Pacific,China,False,False,,Low,18,7,851125.8,121589.4,2024-01-21,2025-12-21,143937.62,2,0.00709117,8,Top 20,0.23280877
V00222,Williams Inc,Latin America,Chile,True,False,,Medium,43,20,800148.39,40007.4195,2024-01-19,2025-12-07,217710.4,4,0.00666646,9,Top 20,0.23947523
V00387,"Diaz, Reyes and Bradley",North America,Canada,False,False,,Medium,46,16,778444.48,48652.78,2024-02-25,2025-12-31,49664.94,4,0.00648563,10,Top 20,0.24596086
V00385,"Owen, Shelton and Cisneros",North America,USA,False,False,Women-Owned,Low,15,15,751696.79,50113.11933333,2024-01-03,2025-12-27,76522.28,2,0.00626278,11,Top 20,0.25222364
V00424,Wagner-Levy,Asia Pacific,India,False,False,Minority-Owned,Medium,46,15,724726.32,48315.088,2024-01-16,2025-12-29,137613.76,3,0.00603807,12,Top 20,0.25826171
V00293,"Moreno, Bennett and Chavez",Asia Pacific,Singapore,False,False,,Low,36,9,724555.05,80506.11666667,2024-06-10,2025-12-31,104481.87,3,0.00603665,13,Top 20,0.26429836
V00178,Carter-Hall,North America,Canada,True,False,Minority-Owned,Medium,43,11,717519.52,65229.04727273,2024-04-09,2025-07-29,73019.06,5,0.00597803,14,Top 20,0.27027639
V00185,George Group,Asia Pacific,Australia,True,False,,Low,25,10,713260.55,71326.055,2025-01-01,2025-12-17,713260.55,10,0.00594255,15,Top 20,0.27621894
V00292,"Morales, Thomas and Schultz",Latin America,Chile,False,False,,Low,16,14,683861.5,48847.25,2024-02-01,2025-10-26,346700.06,6,0.00569761,16,Top 20,0.28191655
V00145,"Holland, Smith and Fisher",Europe,Germany,False,False,,Low,38,21,639511.75,30452.94047619,2024-01-08,2025-11-26,79150.03,3,0.00532811,17,Top 20,0.28724466
V00134,King-Miller,North America,Canada,False,False,Women-Owned,Low,15,19,630701.55,33194.81842105,2024-02-27,2025-12-09,34633.88,2,0.0052547,18,Top 20,0.29249936
V00354,Walker-Flores,Europe,Germany,False,False,,Low,14,22,612514.01,27841.54590909,2024-01-17,2025-12-30,291869.49,11,0.00510317,19,Top 20,0.29760253
V00171,Mcknight Inc,Latin America,Argentina,False,False,,Low,27,23,605075.53,26307.63173913,2024-01-07,2025-12-22,131840.54,8,0.0050412,20,Top 20,0.30264373
V00432,Grant-Diaz,North America,USA,False,False,Veteran-Owned,Low,6,10,603039.11,60303.911,2024-04-08,2025-10-07,212422.71,4,0.00502423,21,Top 100,0.30766796
V00369,"Moss, Cook and Williams",Asia Pacific,Australia,True,False,Veteran-Owned,Low,33,15,585481.11,39032.074,2024-04-25,2025-12-19,36087.88,3,0.00487795,22,Top 100,0.31254591
V00430,"Cole, Pierce and Bryan",Europe,Germany,False,False,,Low,35,20,580404.55,29020.2275,2024-01-14,2025-12-12,83560.02,3,0.00483565,23,Top 100,0.31738156
V00066,Ellis PLC,Asia Pacific,Australia,False,False,,Low,34,20,575725.64,28786.282,2024-01-28,2025-12-30,156299.96,2,0.00479667,24,Top 100,0.32217823
V00356,Horton-Taylor,Asia Pacific,Japan,True,False,Veteran-Owned,Low,19,13,575504.41,44269.57,2024-02-02,2025-12-25,145244.88,2,0.00479483,25,Top 100,0.32697306
V00284,Parrish-Griffith,North America,Mexico,False,False,,Low,12,23,573820.07,24948.69869565,2024-04-07,2025-12-04,3847.21,1,0.0047808,26,Top 100,0.33175386
V00110,"Horton, Snyder and Sanchez",Europe,France,True,False,,Low,17,16,567941.52,35496.345,2024-01-01,2025-10-23,59478.04,3,0.00473182,27,Top 100,0.33648568
V00070,"Riggs, Roman and Rice",North America,Canada,False,False,,Low,12,12,565643.89,47136.99083333,2024-02-21,2025-12-27,318576.33,6,0.00471268,28,Top 100,0.34119836
V00286,Walker-Rodriguez,Latin America,Brazil,False,False,,Low,24,13,559172.54,43013.27230769,2024-01-01,2025-11-12,251988.14,5,0.00465876,29,Top 100,0.34585712
V00225,"Vega, Jimenez and Aguilar",Latin America,Brazil,False,False,,Low,26,12,555927.15,46327.2625,2024-03-30,2025-12-04,78570.96,2,0.00463172,30,Top 100,0.35048884
V00019,Clark PLC,Asia Pacific,China,False,True,,Low,16,15,549063.74,36604.24933333,2024-01-23,2025-12-17,162048.71,9,0.00457454,31,Top 100,0.35506338
V00478,Parks-Leblanc,Europe,Italy,False,False,,Low,16,16,538594.64,33662.165,2024-02-21,2025-11-14,538594.64,16,0.00448731,32,Top 100,0.35955069
V00023,Robinson-Bright,Asia Pacific,India,False,False,,Low,15,7,528013.2,75430.45714286,2024-02-26,2025-11-07,210644.69,3,0.00439915,33,Top 100,0.36394984
V00393,"Hendricks, Henry and Martinez",Latin America,Chile,False,False,,Low,30,17,519530.68,30560.62823529,2024-01-18,2025-12-18,0.0,0,0.00432848,34,Top 100,0.36827832
V00305,"Patterson, Sullivan and Bowman",Latin America,Argentina,False,False,,Low,36,13,517536.7,39810.51538462,2024-01-27,2025-12-31,517536.7,13,0.00431187,35,Top 100,0.37259019
V00408,"Hill, Weber and Mendez",Europe,Italy,False,False,,Low,26,17,509774.92,29986.76,2024-01-05,2025-12-22,94936.3,4,0.0042472,36,Top 100,0.37683739
V00147,"Hernandez, Thompson and Boyd",Latin America,Argentina,True,False,,Low,17,15,506772.7,33784.84666667,2024-01-09,2025-12-26,266789.07,8,0.00422219,37,Top 100,0.38105958
V00335,"Osborn, Gaines and Davis",Latin America,Argentina,False,False,Minority-Owned,Low,34,13,503095.11,38699.62384615,2024-04-09,2025-12-12,61203.62,3,0.00419155,38,Top 100,0.38525113
V00438,Nunez-Whitney,Latin America,Brazil,False,False,Veteran-Owned,Low,26,8,493428.52,61678.565,2024-02-14,2025-08-13,138122.61,3,0.00411101,39,Top 100,0.38936214
V00353,Shaw-Young,Asia Pacific,India,True,False,,Low,12,16,493150.69,30821.918125,2024-02-12,2025-12-01,115067.75,3,0.0041087,40,Top 100,0.39347084
V00091,"Hicks, Frazier and Anthony",Europe,Netherlands,False,False,,Low,23,8,491136.94,61392.1175,2024-08-27,2025-12-25,78537.25,1,0.00409192,41,Top 100,0.39756276
V00060,"Miller, Lopez and Larson",Asia Pacific,Japan,False,False,,Medium,44,6,490831.76,81805.29333333,2024-08-21,2025-10-29,249076.93,2,0.00408938,42,Top 100,0.40165214
V00141,Johnston-Odonnell,Latin America,Brazil,False,False,Minority-Owned,Low,32,9,489659.54,54406.61555556,2024-01-08,2025-11-07,249421.29,3,0.00407961,43,Top 100,0.40573175
V00080,Parker Inc,Latin America,Argentina,False,False,,Low,6,10,487925.75,48792.575,2024-02-22,2025-12-13,487925.75,10,0.00406516,44,Top 100,0.40979691
V00255,Bass PLC,North America,Canada,False,False,,Medium,46,16,479675.14,29979.69625,2024-02-07,2025-12-08,261239.87,9,0.00399642,45,Top 100,0.41379333
V00392,Padilla-Lewis,Europe,Netherlands,False,False,,Medium,64,11,478246.38,43476.94363636,2024-01-03,2025-10-19,25432.69,2,0.00398452,46,Top 100,0.41777785
V00007,Ramirez-Lewis,Asia Pacific,Australia,False,False,Women-Owned,Medium,50,19,467511.01,24605.84263158,2024-01-03,2025-12-27,54363.81,3,0.00389508,47,Top 100,0.42167293
V00377,Morgan-Lopez,North America,USA,False,False,Women-Owned,Low,37,8,465317.83,58164.72875,2024-04-27,2025-12-29,232628.99,4,0.00387681,48,Top 100,0.42554974
V00113,Grant Inc,Latin America,Brazil,False,False,,Low,16,15,461311.55,30754.10333333,2024-04-16,2025-12-19,223230.08,5,0.00384343,49,Top 100,0.42939317
V00117,Larsen LLC,Europe,UK,True,False,,Low,37,16,457116.0,28569.75,2024-01-29,2025-12-04,257464.12,10,0.00380847,50,Top 100,0.43320164
V00226,"King, Scott and Smith",Asia Pacific,India,False,False,,Low,34,10,449071.91,44907.191,2024-03-04,2025-12-07,25785.7,2,0.00374145,51,Top 100,0.43694309
V00239,Anderson PLC,North America,Canada,False,False,,Low,17,17,448530.07,26384.12176471,2024-01-05,2025-12-20,66158.19,2,0.00373694,52,Top 100,0.44068003
V00330,"York, Brandt and Morrison",Latin America,Argentina,False,False,Minority-Owned,Low,29,11,447817.42,40710.67454545,2024-03-25,2025-12-08,298661.83,2,0.003731,53,Top 100,0.44441103
V00461,"Gonzalez, Maynard and Morris",North America,Mexico,False,False,Women-Owned,Medium,47,15,442490.63,29499.37533333,2024-01-13,2025-10-04,133414.31,9,0.00368662,54,Top 100,0.44809765
V00419,"Rodriguez, Allen and Martinez",Europe,Italy,False,False,,Medium,46,14,438366.49,31311.89214286,2024-01-31,2025-11-14,290276.43,8,0.00365226,55,Top 100,0.45174991
V00372,Carter Inc,Europe,UK,False,True,,Low,38,20,432877.06,21643.853,2024-01-25,2025-12-15,55687.51,5,0.00360653,56,Top 100,0.45535644
V00447,"Peterson, Gomez and Ingram",Latin America,Brazil,True,False,,Low,22,11,432672.36,39333.85090909,2024-05-07,2025-10-08,74451.1,1,0.00360482,57,Top 100,0.45896126
V00395,"Ponce, Downs and Contreras",Latin America,Chile,False,False,,Low,19,15,432270.28,28818.01866667,2024-02-06,2025-11-19,130028.33,3,0.00360147,58,Top 100,0.46256273
V00466,Mcdowell-Smith,Asia Pacific,China,True,False,,Low,22,12,427562.98,35630.24833333,2024-01-23,2025-12-28,60730.59,1,0.00356225,59,Top 100,0.46612498
V00282,Cain-Hawkins,Europe,Italy,False,False,,Medium,44,18,426931.67,23718.42611111,2024-01-25,2025-12-03,41491.06,5,0.00355699,60,Top 100,0.46968197
V00128,Price Ltd,Asia Pacific,Singapore,False,False,,Low,23,9,426324.9,47369.43333333,2024-05-13,2025-11-10,164507.95,4,0.00355194,61,Top 100,0.47323391
V00229,"Wright, Bruce and Gonzalez",North America,Canada,True,False,Minority-Owned,Low,20,10,423170.78,42317.078,2024-01-10,2025-10-18,349591.12,9,0.00352566,62,Top 100,0.47675957
V00037,"Cannon, Anderson and Alvarez",Latin America,Chile,False,False,,Low,35,17,421803.25,24811.95588235,2024-04-17,2025-11-04,67275.37,4,0.00351426,63,Top 100,0.48027383
V00412,Curtis-Wang,Europe,UK,False,True,,Low,24,13,416977.97,32075.22846154,2024-01-20,2025-11-19,68214.07,2,0.00347406,64,Top 100,0.48374789
V00173,"James, Kerr and Evans",Latin America,Chile,False,True,Veteran-Owned,Medium,48,15,414997.89,27666.526,2024-01-01,2025-11-17,75727.31,2,0.00345756,65,Top 100,0.48720545
V00149,"Vargas, Morris and Sanchez",Latin America,Brazil,False,True,,Low,20,10,414540.22,41454.022,2024-03-20,2025-09-21,346023.23,7,0.00345375,66,Top 100,0.4906592
V00223,Jordan-Sanchez,Asia Pacific,China,False,False,,Medium,56,17,413729.1,24337.00588235,2024-10-23,2025-12-20,68193.74,6,0.00344699,67,Top 100,0.49410619
V00491,Williams LLC,North America,Canada,False,False,,Low,26,25,412955.71,16518.2284,2024-01-06,2025-12-31,249159.38,14,0.00344055,68,Top 100,0.49754674
V00272,Boone-Simmons,Latin America,Brazil,False,False,,Low,18,14,407241.55,29088.68214286,2024-02-06,2025-12-19,67707.81,3,0.00339294,69,Top 100,0.50093968
V00471,Bradley-Todd,North America,Mexico,False,False,Minority-Owned,Low,33,16,404334.61,25270.913125,2024-03-07,2025-12-31,227118.64,4,0.00336872,70,Top 100,0.5043084
V00279,"Davis, Simmons and Ortega",Asia Pacific,Australia,False,False,,Low,19,14,404314.5,28879.60714286,2024-04-19,2025-11-05,197620.88,4,0.00336856,71,Top 100,0.50767696
V00308,Sanchez PLC,Europe,France,False,False,,Low,21,12,402632.55,33552.7125,2024-10-31,2025-12-22,399704.95,11,0.00335454,72,Top 100,0.5110315
V00210,Kane-Pollard,North America,Canada,False,False,Women-Owned,Low,25,15,401976.22,26798.41466667,2024-03-09,2025-12-03,0.0,0,0.00334907,73,Top 100,0.51438057
V00084,White LLC,Europe,France,True,False,,Low,11,17,400163.28,23539.01647059,2024-03-21,2025-12-22,0.0,0,0.00333397,74,Top 100,0.51771454
V00486,"Leach, Harris and Herrera",North America,USA,False,False,,Low,8,15,398376.76,26558.45066667,2024-02-23,2025-12-01,138757.37,5,0.00331909,75,Top 100,0.52103363
V00439,"Wiggins, Soto and Carlson",Asia Pacific,Japan,True,False,,Low,26,13,396697.94,30515.22615385,2024-05-17,2025-12-25,212825.19,8,0.0033051,76,Top 100,0.52433873
V00285,"Edwards, Garcia and Romero",Europe,France,False,False,Women-Owned,Low,29,9,395613.52,43957.05777778,2024-01-29,2025-12-04,99134.96,3,0.00329606,77,Top 100,0.52763479
V00391,Holmes-Mcintyre,North America,Canada,False,False,,Medium,42,12,394058.35,32838.19583333,2024-03-06,2025-10-31,77503.47,4,0.00328311,78,Top 100,0.5309179
V00415,Chavez-Barker,Latin America,Brazil,False,False,,Low,11,16,393674.32,24604.645,2024-01-25,2025-12-29,86271.02,1,0.00327991,79,Top 100,0.53419781
V00492,"Mcknight, Michael and Jones",Europe,UK,False,False,,Low,18,13,393388.62,30260.66307692,2024-05-21,2025-11-18,100906.37,3,0.00327753,80,Top 100,0.53747534
V00121,Mccarthy Inc,Europe,Germany,False,False,,Low,34,16,393023.12,24563.945,2024-01-11,2025-12-14,123228.91,5,0.00327448,81,Top 100,0.54074982
V00278,Gutierrez Group,Asia Pacific,China,False,False,,Medium,51,17,392757.75,23103.39705882,2024-03-30,2025-10-23,73066.01,4,0.00327227,82,Top 100,0.54402209
V00321,"Cruz, Carpenter and Best",Europe,Italy,False,False,,Medium,60,6,392384.64,65397.44,2024-01-01,2025-11-24,0.0,0,0.00326916,83,Top 100,0.54729125
V00143,"Barton, Jefferson and Burke",North America,USA,False,False,,Low,11,15,391732.92,26115.528,2024-01-11,2025-10-08,177179.12,5,0.00326373,84,Top 100,0.55055498
V00104,"Kennedy, Santana and Flynn",Latin America,Argentina,False,True,,Low,17,18,390979.54,21721.08555556,2024-01-09,2025-12-08,61707.44,6,0.00325746,85,Top 100,0.55381244
V00078,"Smith, Jones and Ware",Asia Pacific,Australia,False,False,,Medium,54,16,383763.03,23985.189375,2024-02-16,2025-11-08,99543.28,3,0.00319733,86,Top 100,0.55700977
V00179,"Heath, Jones and Hall",Europe,Germany,True,True,,Low,22,15,383705.85,25580.39,2024-03-09,2025-10-29,53900.26,1,0.00319685,87,Top 100,0.56020662
V00219,"Johnson, Jones and Welch",Europe,France,False,False,,Low,17,10,381482.23,38148.223,2024-01-06,2025-11-20,238274.71,8,0.00317833,88,Top 100,0.56338495
V00333,"Fletcher, Miller and Hansen",Latin America,Brazil,False,False,,Low,18,13,379842.18,29218.62923077,2024-01-07,2025-11-02,20525.56,2,0.00316466,89,Top 100,0.56654961
V00046,Davis Group,Asia Pacific,Japan,False,False,,Low,31,5,370363.58,74072.716,2024-07-11,2025-12-04,306011.55,4,0.00308569,90,Top 100,0.5696353
V00172,Obrien-Gibbs,Latin America,Argentina,False,True,,Low,32,14,367971.1,26283.65,2024-01-03,2025-11-21,217339.0,8,0.00306576,91,Top 100,0.57270106
V00124,Gates PLC,Asia Pacific,China,False,False,,Low,14,9,363298.9,40366.54444444,2024-02-11,2025-12-13,15296.81,1,0.00302683,92,Top 100,0.57572789
V00008,Davis Inc,Europe,France,False,False,Small Business,Low,17,12,363232.08,30269.34,2024-02-22,2025-12-30,10270.06,2,0.00302628,93,Top 100,0.57875417
V00228,Huerta-Evans,Europe,France,False,False,Women-Owned,Low,7,9,356872.97,39652.55222222,2024-05-29,2025-10-23,16750.94,1,0.0029733,94,Top 100,0.58172747
V00398,Conner and Sons,Latin America,Argentina,False,False,,Low,36,10,356153.07,35615.307,2024-01-16,2025-11-02,42019.08,4,0.0029673,95,Top 100,0.58469477
V00027,"Valencia, Smith and Le",Latin America,Brazil,True,True,,Low,36,6,355029.77,59171.62833333,2024-04-20,2025-11-09,5494.87,1,0.00295794,96,Top 100,0.58765271
V00043,"Brown, Jones and Johnson",Asia Pacific,India,True,False,,Medium,54,11,353697.52,32154.32,2024-03-14,2025-11-11,137413.68,2,0.00294684,97,Top 100,0.59059955
V00193,Gibson LLC,North America,Canada,False,False,,Low,13,8,352690.67,44086.33375,2024-04-15,2025-12-06,212512.2,2,0.00293845,98,Top 100,0.593538
V00267,Tyler-Young,Latin America,Brazil,False,False,Small Business,Low,19,15,352387.63,23492.50866667,2024-06-06,2025-12-23,71771.82,3,0.00293593,99,Top 100,0.59647393
V00034,Koch-Decker,North America,Canada,False,True,Minority-Owned,Low,4,17,352359.29,20727.01705882,2024-03-31,2025-10-22,92444.63,2,0.00293569,100,Top 100,0.59940962
V00363,Smith-Gomez,Asia Pacific,Japan,False,False,,Low,16,12,352014.13,29334.51083333,2024-03-06,2025-11-09,62908.88,2,0.00293281,101,Tail,0.60234243
V00031,Harrell LLC,Latin America,Chile,False,False,,Low,10,9,351343.51,39038.16777778,2024-05-19,2025-11-16,58937.11,4,0.00292723,102,Tail,0.60526966
V00068,Ibarra-Suarez,Europe,Netherlands,False,False,Minority-Owned,High,80,15,348351.33,23223.422,2024-04-02,2025-12-16,348351.33,15,0.0029023,103,Tail,0.60817196
V00012,Stanley LLC,North America,Canada,True,False,,Low,8,12,344131.04,28677.58666667,2024-03-18,2025-11-12,50457.81,3,0.00286714,104,Tail,0.6110391
V00468,"Daniels, Snyder and Mays",Asia Pacific,China,False,False,,High,76,18,343411.54,19078.41888889,2024-01-05,2025-12-29,73087.57,4,0.00286114,105,Tail,0.61390024
V00156,Mcguire-Davis,Asia Pacific,Australia,False,True,,Medium,57,8,343153.01,42894.12625,2024-01-22,2025-09-10,66486.66,2,0.00285899,106,Tail,0.61675923
V00422,"Griffith, Lee and Moore",Latin America,Chile,False,False,,Low,11,18,340521.18,18917.84333333,2024-01-12,2025-12-04,23976.18,1,0.00283706,107,Tail,0.61959629
V00429,Cox LLC,Asia Pacific,Australia,False,False,,Low,24,11,338212.91,30746.62818182,2024-02-10,2025-12-28,107497.39,3,0.00281783,108,Tail,0.62241412
V00399,Ward PLC,Latin America,Argentina,False,False,,Medium,50,14,332407.36,23743.38285714,2024-01-23,2025-11-23,95734.33,3,0.00276946,109,Tail,0.62518358
V00159,"Chavez, Parker and Hall",Europe,Italy,False,False,,Low,22,11,330824.24,30074.93090909,2024-04-27,2025-11-17,10999.49,1,0.00275627,110,Tail,0.62793985
V00004,"Johnson, Gonzalez and Santos",Asia Pacific,China,False,False,,Low,15,12,324289.02,27024.085,2024-02-14,2025-12-24,42943.15,2,0.00270182,111,Tail,0.63064167
V00480,Mendez-Robinson,Europe,Netherlands,True,False,,Low,25,12,322528.85,26877.40416667,2024-02-02,2025-12-25,249366.95,10,0.00268716,112,Tail,0.63332883
V00397,"Little, Leon and Hicks",Europe,Italy,False,False,Small Business,Low,9,14,318758.54,22768.46714286,2024-06-15,2025-12-04,101892.11,4,0.00265574,113,Tail,0.63598457
V00463,"Jefferson, Johnson and Dorsey",North America,Canada,False,True,,Low,29,11,310076.77,28188.79727273,2024-06-01,2025-10-30,222472.73,8,0.00258341,114,Tail,0.63856798
V00249,"Murphy, Bishop and Holland",North America,Canada,False,False,Minority-Owned,High,82,12,299809.28,24984.10666667,2024-02-24,2025-11-18,16942.7,1,0.00249787,115,Tail,0.64106585
V00105,Campbell Ltd,Latin America,Argentina,False,False,,Low,24,15,297759.08,19850.60533333,2024-01-22,2025-11-06,67393.55,5,0.00248079,116,Tail,0.64354664
V00165,Tran Ltd,Latin America,Argentina,False,True,,High,75,13,297634.65,22894.97307692,2024-05-01,2025-12-18,38956.25,2,0.00247975,117,Tail,0.64602639
V00183,"Morse, Gonzales and Harrison",Asia Pacific,Singapore,True,False,,Low,18,9,294162.83,32684.75888889,2024-04-09,2025-10-17,156833.47,7,0.00245082,118,Tail,0.64847721
V00006,Blake and Sons,Asia Pacific,China,False,False,,Low,11,14,293953.84,20996.70285714,2024-02-24,2025-12-27,42922.87,4,0.00244908,119,Tail,0.65092629
V00233,Lozano Ltd,Asia Pacific,Singapore,False,False,,Medium,45,17,291783.25,17163.72058824,2024-04-14,2025-11-27,0.0,0,0.002431,120,Tail,0.65335729
V00042,Chapman Inc,North America,Canada,False,False,,Low,17,12,287942.74,23995.22833333,2024-02-14,2025-12-31,233808.9,9,0.002399,121,Tail,0.65575629
V00296,"Williams, Miller and Ramos",Asia Pacific,India,False,False,,Low,32,4,287769.11,71942.2775,2024-04-09,2025-09-17,287769.11,4,0.00239756,122,Tail,0.65815385
V00337,Lee-Cooke,North America,USA,False,False,Small Business,Low,20,17,277755.99,16338.58764706,2024-01-02,2025-12-28,102994.35,4,0.00231413,123,Tail,0.66046798
V00005,Cole LLC,Europe,France,False,False,,Medium,55,9,275312.26,30590.25111111,2024-02-28,2025-11-20,248740.12,7,0.00229377,124,Tail,0.66276175
V00192,"Simpson, Bates and Morales",North America,Canada,False,False,,Low,31,2,274924.08,137462.04,2025-01-17,2025-08-01,274924.08,2,0.00229054,125,Tail,0.66505229
V00499,Good Group,Latin America,Brazil,False,False,,Low,23,12,274188.15,22849.0125,2024-03-08,2025-12-17,9485.41,1,0.00228441,126,Tail,0.6673367
V00359,"Rose, Rodriguez and Roberts",Asia Pacific,Japan,False,False,,Low,11,12,274014.97,22834.58083333,2024-06-25,2025-12-13,0.0,0,0.00228296,127,Tail,0.66961966
V00290,"Adams, White and Park",Asia Pacific,Singapore,False,False,,High,83,13,273132.35,21010.18076923,2024-04-15,2025-12-27,5129.87,1,0.00227561,128,Tail,0.67189527
V00164,Erickson and Sons,Asia Pacific,China,True,False,,Low,36,11,272561.74,24778.34,2024-01-02,2025-11-15,141263.64,6,0.00227085,129,Tail,0.67416612
V00322,Cole PLC,Latin America,Argentina,False,False,,Low,31,15,271727.12,18115.14133333,2024-03-18,2025-12-10,7194.62,1,0.0022639,130,Tail,0.67643002
V00343,"Mitchell, Goodman and Cole",Europe,Germany,False,False,,Medium,42,10,268503.3,26850.33,2024-02-13,2025-12-14,16293.83,2,0.00223704,131,Tail,0.67866706
V00126,Medina-Navarro,Latin America,Chile,False,False,,Low,35,8,268308.06,33538.5075,2024-03-18,2025-12-13,0.0,0,0.00223541,132,Tail,0.68090247
V00311,"Wilson, Hicks and Bullock",Asia Pacific,China,False,False,,Low,24,14,265715.93,18979.70928571,2024-04-26,2025-12-26,58131.34,3,0.00221382,133,Tail,0.68311629
V00144,"Patton, Reed and Patterson",Latin America,Brazil,False,False,,Low,6,7,262400.5,37485.78571429,2024-04-03,2025-11-07,17604.45,1,0.0021862,134,Tail,0.68530249
V00411,Miller Ltd,Europe,France,False,False,,Low,10,14,260439.09,18602.79214286,2024-04-03,2025-12-07,41322.77,2,0.00216985,135,Tail,0.68747234
V00355,"Santos, Moody and Taylor",Europe,Italy,False,False,,Low,18,10,258883.13,25888.313,2024-01-08,2025-10-04,85837.69,4,0.00215689,136,Tail,0.68962923
V00454,Williams-Moses,Europe,Netherlands,True,False,,Low,14,13,257960.86,19843.14307692,2024-06-19,2025-12-15,40916.98,2,0.00214921,137,Tail,0.69177844
V00231,Haney-Phillips,Europe,UK,False,False,Minority-Owned,Low,22,9,256664.82,28518.31333333,2024-08-15,2025-12-02,196828.59,6,0.00213841,138,Tail,0.69391685
V00112,Thompson Ltd,Europe,Germany,False,False,,Low,36,13,256184.62,19706.50923077,2024-02-09,2025-12-19,15971.46,2,0.00213441,139,Tail,0.69605126
V00187,"Matthews, Smith and Hubbard",North America,Mexico,False,False,,Low,39,12,256082.36,21340.19666667,2024-02-17,2025-12-27,44417.65,2,0.00213356,140,Tail,0.69818482
V00423,Jimenez-Parker,North America,Mexico,False,False,,Medium,52,12,255552.17,21296.01416667,2024-02-14,2025-11-13,47533.07,2,0.00212914,141,Tail,0.70031396
V00389,Moreno Group,Europe,Italy,False,False,,Low,18,13,254499.54,19576.88769231,2024-01-11,2025-11-13,16941.71,2,0.00212037,142,Tail,0.70243433
V00238,"Anderson, Browning and Murphy",Latin America,Brazil,False,False,Women-Owned,Low,22,9,253314.29,28146.03222222,2024-04-17,2025-11-17,171743.54,4,0.00211049,143,Tail,0.70454482
V00500,"Coleman, Gray and Hall",North America,Canada,False,False,Minority-Owned,Medium,60,4,252917.73,63229.4325,2024-11-26,2025-12-01,252917.73,4,0.00210719,144,Tail,0.70665201
V00057,"Higgins, Moore and Phillips",Europe,France,False,False,,Low,17,13,250983.85,19306.45,2024-01-17,2025-12-28,0.0,0,0.00209108,145,Tail,0.70874309
V00221,"Padilla, Garcia and Jackson",Latin America,Argentina,False,False,,Low,14,14,250426.2,17887.58571429,2024-03-13,2025-11-30,9676.33,2,0.00208643,146,Tail,0.71082952
V00496,Vega Ltd,Latin America,Chile,False,False,,Low,22,10,248978.94,24897.894,2024-03-22,2025-12-03,132327.74,3,0.00207437,147,Tail,0.71290389
V00473,"Davis, Holden and Woods",North America,Mexico,True,False,,Low,30,11,248549.27,22595.38818182,2024-08-12,2025-12-25,17640.93,1,0.00207079,148,Tail,0.71497468
V00118,"Washington, Allen and Gonzales",Europe,Germany,False,False,,Medium,48,12,247680.81,20640.0675,2024-04-20,2025-12-08,14272.81,2,0.00206356,149,Tail,0.71703824
V00348,Salas Inc,Europe,Italy,False,True,,Low,32,12,246539.91,20544.9925,2024-03-17,2025-11-21,14991.8,1,0.00205405,150,Tail,0.71909229
V00451,Stewart-Bailey,North America,USA,False,False,,Low,33,9,246044.21,27338.24555556,2024-02-09,2025-12-01,2348.9,1,0.00204992,151,Tail,0.72114221
V00450,Wise-Bush,Europe,UK,False,False,Women-Owned,Low,9,17,243829.3,14342.9,2024-02-07,2025-11-03,35028.1,1,0.00203147,152,Tail,0.72317368
V00074,"Walters, Baker and Freeman",North America,Canada,False,False,,Low,26,8,242557.01,30319.62625,2024-05-02,2025-12-14,123243.35,3,0.00202087,153,Tail,0.72519455
V00045,"Johnston, Sanchez and Kennedy",Europe,Italy,False,False,,Low,23,12,242397.29,20199.77416667,2024-05-08,2025-12-19,9073.52,1,0.00201954,154,Tail,0.72721409
V00163,Phillips LLC,Europe,France,False,False,Women-Owned,Low,35,4,241834.72,60458.68,2025-01-08,2025-06-30,241834.72,4,0.00201485,155,Tail,0.72922894
V00400,"Anderson, Henson and Jones",Latin America,Chile,False,False,,Low,23,10,241604.16,24160.416,2024-03-23,2025-10-26,14440.55,1,0.00201293,156,Tail,0.73124187
V00087,Garrison and Sons,Latin America,Brazil,False,False,,Low,21,17,239333.79,14078.45823529,2024-05-17,2025-12-18,118087.1,9,0.00199402,157,Tail,0.73323589
V00119,Nelson LLC,Asia Pacific,Japan,False,False,,Medium,45,10,237278.81,23727.881,2024-06-13,2025-11-15,15751.51,2,0.00197689,158,Tail,0.73521278
V00160,Wilson-Herrera,Europe,Germany,False,False,Women-Owned,Low,37,13,236976.95,18228.99615385,2024-07-10,2025-12-22,151335.78,9,0.00197438,159,Tail,0.73718716
V00010,"Martinez, Nielsen and Miller",North America,Mexico,False,False,,Low,37,11,235341.99,21394.72636364,2024-02-09,2025-12-05,70836.83,2,0.00196076,160,Tail,0.73914792
V00224,"Sparks, Jackson and Miller",Europe,France,False,False,,Low,20,7,231286.07,33040.86714286,2024-03-02,2025-10-30,196415.86,6,0.00192697,161,Tail,0.74107489
V00384,Jones Ltd,Latin America,Argentina,False,False,Minority-Owned,Medium,50,9,231040.81,25671.20111111,2024-09-05,2025-12-30,189514.6,6,0.00192492,162,Tail,0.74299981
V00132,Williams Group,Asia Pacific,Singapore,False,True,Women-Owned,Low,13,4,230493.7,57623.425,2024-10-19,2025-10-19,197366.81,3,0.00192036,163,Tail,0.74492017
V00465,French-Lopez,Asia Pacific,Australia,False,False,,Medium,60,14,229112.51,16365.17928571,2024-05-06,2025-12-31,82384.5,3,0.00190886,164,Tail,0.74682903
V00001,"Rodriguez, Figueroa and Sanchez",North America,Mexico,False,False,,Low,35,10,225082.31,22508.231,2024-07-08,2025-10-21,17396.19,2,0.00187528,165,Tail,0.74870431
V00484,Fox PLC,Asia Pacific,Japan,False,False,Minority-Owned,Medium,42,8,223819.68,27977.46,2024-03-25,2025-12-20,77779.82,4,0.00186476,166,Tail,0.75056907
V00232,"Foster, Smith and Grimes",Latin America,Brazil,False,False,,Medium,56,10,223425.88,22342.588,2024-04-06,2025-09-07,223425.88,10,0.00186148,167,Tail,0.75243055
V00375,Glenn LLC,North America,Mexico,False,False,Women-Owned,Low,33,13,223330.67,17179.28230769,2024-04-09,2025-12-12,21571.75,3,0.00186068,168,Tail,0.75429123
V00361,Brown-Copeland,Europe,UK,False,False,,Low,14,13,222849.57,17142.27461538,2024-05-24,2025-12-20,3874.09,1,0.00185668,169,Tail,0.75614791
V00056,Horton-Cross,Europe,Netherlands,False,False,,Low,9,12,222556.07,18546.33916667,2024-03-23,2025-12-14,25857.22,2,0.00185423,170,Tail,0.75800214
V00472,"Prince, Wilcox and Robertson",Europe,Netherlands,False,False,Women-Owned,Low,29,9,221503.36,24611.48444444,2024-02-03,2025-12-12,0.0,0,0.00184546,171,Tail,0.7598476
V00417,Hensley-Flores,Europe,France,False,False,Women-Owned,Low,22,13,220269.61,16943.81615385,2024-02-01,2025-12-12,17517.78,2,0.00183518,172,Tail,0.76168278
V00324,Garcia-Nolan,Asia Pacific,China,True,False,,Low,22,10,219026.38,21902.638,2024-04-14,2025-12-17,53718.63,2,0.00182482,173,Tail,0.7635076
V00033,"Sellers, George and Burns",Europe,Italy,False,False,,Low,30,10,218943.37,21894.337,2024-06-10,2025-12-08,93736.14,2,0.00182413,174,Tail,0.76533173
V00370,"Thompson, Maxwell and Marshall",Europe,Germany,False,False,Women-Owned,Low,15,13,216657.79,16665.98384615,2024-01-30,2025-11-21,58514.94,3,0.00180509,175,Tail,0.76713682
V00154,Allen Group,Asia Pacific,Australia,False,False,,Low,13,14,216643.82,15474.55857143,2024-01-13,2025-10-27,82714.51,3,0.00180497,176,Tail,0.76894179
V00382,Bell-Williams,Asia Pacific,Australia,False,False,Women-Owned,Low,9,13,215505.78,16577.36769231,2024-01-04,2025-10-19,121769.03,5,0.00179549,177,Tail,0.77073728
V00251,Williams Inc,Latin America,Argentina,False,False,,Low,15,13,215505.26,16577.32769231,2024-01-07,2025-12-28,58076.92,2,0.00179549,178,Tail,0.77253277
V00378,Glass-Stone,Latin America,Brazil,False,False,,Low,31,14,215432.94,15388.06714286,2024-01-02,2025-11-26,0.0,0,0.00179488,179,Tail,0.77432765
V00204,"Thomas, Lee and Greene",Europe,UK,False,False,,Low,5,12,210366.18,17530.515,2024-06-30,2025-09-14,25516.41,3,0.00175267,180,Tail,0.77608032
V00051,Ramos PLC,Europe,France,False,False,,Low,36,5,209800.5,41960.1,2024-08-18,2025-11-06,209800.5,5,0.00174796,181,Tail,0.77782828
V00116,"Griffin, Moore and Hensley",Latin America,Chile,True,False,,Medium,40,14,209369.43,14954.95928571,2024-09-14,2025-10-20,28914.14,2,0.00174437,182,Tail,0.77957265
V00470,"Stevens, Scott and Lopez",North America,USA,False,False,,Medium,46,8,204888.89,25611.11125,2024-10-20,2025-09-28,0.0,0,0.00170704,183,Tail,0.78127969
V00186,"Wright, Davis and Hayden",Asia Pacific,Singapore,False,False,Small Business,Low,17,16,203757.13,12734.820625,2024-01-10,2025-12-13,33077.65,3,0.00169761,184,Tail,0.7829773
V00038,Rose-Obrien,Latin America,Brazil,False,True,,Medium,65,18,202623.53,11256.86277778,2024-01-21,2025-12-20,5691.61,1,0.00168816,185,Tail,0.78466546
V00287,Wilson-Ramirez,North America,Canada,True,True,,Low,27,13,202292.1,15560.93076923,2024-01-10,2025-12-29,15674.41,2,0.0016854,186,Tail,0.78635086
V00416,Washington-Harris,Latin America,Argentina,True,False,,Low,7,12,201348.81,16779.0675,2024-01-06,2025-12-03,60991.46,3,0.00167754,187,Tail,0.7880284
V00376,Kim-Ross,Latin America,Chile,True,False,,Low,7,12,200135.52,16677.96,2024-03-17,2025-11-13,5422.17,2,0.00166743,188,Tail,0.78969583
V00013,Delacruz Group,Asia Pacific,India,False,False,,Low,35,17,199368.02,11727.53058824,2024-01-15,2025-12-26,12491.42,1,0.00166104,189,Tail,0.79135687
V00275,"Joseph, James and Harper",Asia Pacific,China,False,False,,Low,27,11,199291.08,18117.37090909,2024-08-01,2025-10-27,44274.62,2,0.0016604,190,Tail,0.79301727
V00127,Freeman LLC,North America,Canada,False,False,,Low,6,14,199194.89,14228.20642857,2024-02-18,2025-12-10,53226.77,3,0.0016596,191,Tail,0.79467687
V00243,Taylor and Sons,Europe,Italy,False,False,Women-Owned,Medium,41,9,197228.69,21914.29888889,2024-01-01,2025-10-06,0.0,0,0.00164322,192,Tail,0.79632009
V00254,"Barnes, Newton and Moore",Europe,France,False,False,,Low,14,12,194575.98,16214.665,2024-03-18,2025-12-14,67176.77,3,0.00162111,193,Tail,0.7979412
V00328,Mccormick Ltd,Asia Pacific,China,False,False,,Low,23,11,194250.82,17659.16545455,2024-02-01,2025-11-11,29110.21,2,0.00161841,194,Tail,0.79955961
V00205,Shields LLC,Latin America,Brazil,False,False,,Low,1,13,193154.47,14858.03615385,2024-07-15,2025-11-30,190401.73,12,0.00160927,195,Tail,0.80116888
V00063,Donovan-Harris,North America,Canada,False,True,Women-Owned,Low,32,6,192380.44,32063.40666667,2024-10-14,2025-10-18,192380.44,6,0.00160282,196,Tail,0.8027717
V00085,Pham-Shields,Latin America,Argentina,False,False,,Low,10,10,191576.43,19157.643,2024-04-20,2025-12-12,16796.28,1,0.00159612,197,Tail,0.80436782
V00456,"Nelson, Hoffman and Nelson",North America,Canada,True,False,Women-Owned,Low,4,12,191351.01,15945.9175,2024-08-24,2025-10-30,31564.7,2,0.00159425,198,Tail,0.80596207
V00315,"Wolf, Cole and Glass",Europe,Netherlands,False,False,,Low,38,6,190113.64,31685.60666667,2024-03-31,2025-03-02,15264.53,1,0.00158394,199,Tail,0.80754601
V00036,Dennis Inc,Europe,Netherlands,False,True,Women-Owned,Low,21,12,190075.18,15839.59833333,2024-06-10,2025-11-14,153172.43,10,0.00158362,200,Tail,0.80912963
V00325,"Miller, Lucas and Williams",Europe,Germany,False,False,,Medium,45,15,189322.58,12621.50533333,2024-04-02,2025-10-31,45693.45,4,0.00157735,201,Tail,0.81070698
V00409,"Jackson, David and Moore",Asia Pacific,China,False,False,,Low,35,8,188761.35,23595.16875,2024-07-07,2025-11-24,11384.55,1,0.00157267,202,Tail,0.81227965
V00476,Green LLC,Asia Pacific,Australia,False,False,,Low,33,12,188527.52,15710.62666667,2024-02-01,2025-10-04,0.0,0,0.00157072,203,Tail,0.81385037
V00024,Campos Inc,Latin America,Brazil,False,False,Veteran-Owned,Low,30,9,188223.29,20913.69888889,2024-01-17,2025-10-16,59449.83,4,0.00156819,204,Tail,0.81541856
V00235,Fields PLC,Latin America,Argentina,False,False,,Low,19,27,187278.03,6936.22333333,2024-01-09,2025-12-01,30419.71,4,0.00156031,205,Tail,0.81697887
V00445,"Luna, Thornton and Stone",North America,USA,False,False,,Medium,54,11,185469.83,16860.89363636,2024-11-30,2025-10-28,97683.75,7,0.00154525,206,Tail,0.81852412
V00247,Richards-Carson,Europe,Germany,False,False,,Low,22,14,184634.75,13188.19642857,2024-06-02,2025-10-29,88611.65,7,0.00153829,207,Tail,0.82006241
V00306,Smith-Nguyen,Latin America,Argentina,False,False,,Low,31,11,183145.47,16649.58818182,2024-02-02,2025-12-11,19595.09,2,0.00152588,208,Tail,0.82158829
V00455,Douglas-Burgess,Latin America,Chile,False,False,,Medium,53,18,177321.38,9851.18777778,2024-01-25,2025-10-15,15646.92,2,0.00147736,209,Tail,0.82306565
V00176,Moore and Sons,Asia Pacific,India,False,False,Small Business,Low,18,7,175949.41,25135.63,2024-02-02,2025-12-22,67468.61,3,0.00146593,210,Tail,0.82453158
V00405,Guerra PLC,Europe,Netherlands,False,False,,Low,4,13,175707.54,13515.96461538,2024-01-17,2025-12-01,62320.39,4,0.00146391,211,Tail,0.82599549
V00207,Campbell LLC,North America,Canada,False,False,,Low,26,12,174951.17,14579.26416667,2024-01-07,2025-11-13,12619.04,1,0.00145761,212,Tail,0.8274531
V00153,"Haynes, Hill and Smith",North America,Canada,False,False,Women-Owned,Low,21,9,174314.11,19368.23444444,2024-01-02,2025-11-14,35924.28,3,0.0014523,213,Tail,0.8289054
V00418,Hester-Anderson,Europe,France,False,False,,Low,23,12,173588.78,14465.73166667,2024-02-14,2025-12-08,26622.31,2,0.00144626,214,Tail,0.83035166
V00125,Bender LLC,North America,Mexico,False,False,Minority-Owned,Medium,45,16,172431.13,10776.945625,2024-01-06,2025-11-22,33801.51,3,0.00143661,215,Tail,0.83178827
V00069,Kim PLC,Europe,Italy,False,False,,Low,13,17,170873.28,10051.36941176,2024-01-28,2025-12-23,103066.88,9,0.00142363,216,Tail,0.8332119
V00297,"Ramos, Nelson and Fischer",Europe,France,False,False,Minority-Owned,Low,30,7,169974.77,24282.11,2024-01-24,2025-09-06,104591.75,4,0.00141615,217,Tail,0.83462805
V00313,Gonzalez-Morrison,Europe,UK,False,False,,Low,39,9,169117.19,18790.79888889,2024-01-05,2025-10-03,8987.84,1,0.001409,218,Tail,0.83603705
V00488,"Griffin, Brown and Anderson",Asia Pacific,Australia,False,False,,Low,28,9,167894.76,18654.97333333,2024-04-24,2025-12-24,18955.5,1,0.00139882,219,Tail,0.83743587
V00030,Stanton-Gill,Latin America,Brazil,False,False,Minority-Owned,Low,28,14,166093.74,11863.83857143,2024-02-19,2025-11-26,4895.43,1,0.00138381,220,Tail,0.83881968
V00374,"Kennedy, Johnson and Lucas",Europe,Germany,False,False,,Low,23,8,164496.71,20562.08875,2024-04-30,2025-09-14,0.0,0,0.00137051,221,Tail,0.84019019
V00142,"Gonzalez, Vargas and Rivas",Latin America,Chile,False,False,Small Business,Low,18,13,164330.51,12640.80846154,2024-01-08,2025-12-07,11458.71,2,0.00136912,222,Tail,0.84155931
V00394,Thompson-Reeves,Europe,France,False,False,,Medium,41,9,162991.69,18110.18777778,2024-03-12,2025-11-30,35064.25,3,0.00135797,223,Tail,0.84291728
V00196,Lopez LLC,North America,Mexico,False,False,Women-Owned,Low,28,23,162404.69,7061.07347826,2024-03-18,2025-12-18,150492.38,21,0.00135308,224,Tail,0.84427036
V00462,Pearson and Sons,North America,Canada,False,False,,Medium,45,11,161241.74,14658.34,2024-09-29,2025-12-25,16885.28,1,0.00134339,225,Tail,0.84561375
V00220,Francis Group,Asia Pacific,China,False,False,,Medium,52,8,161226.87,20153.35875,2024-05-09,2025-12-28,31664.76,1,0.00134327,226,Tail,0.84695702
V00052,"Kidd, Huff and Novak",North America,USA,False,False,Women-Owned,Low,29,11,161071.95,14642.90454545,2024-05-12,2025-09-28,75916.36,5,0.00134197,227,Tail,0.84829899
V00261,Williams LLC,North America,Mexico,False,False,,Low,21,12,160825.17,13402.0975,2024-04-14,2025-11-07,80141.51,4,0.00133992,228,Tail,0.84963891
V00017,"Hawkins, Cohen and Cameron",Latin America,Chile,False,False,,Low,13,14,160550.35,11467.88214286,2024-01-08,2025-12-24,29299.81,2,0.00133763,229,Tail,0.85097654
V00441,"Castillo, Warren and Griffith",Europe,Netherlands,False,False,,Medium,51,12,160016.72,13334.72666667,2024-01-02,2025-11-22,0.0,0,0.00133318,230,Tail,0.85230972
V00166,"Oneill, Henry and Salas",Latin America,Chile,False,False,,Low,5,15,159242.37,10616.158,2024-03-24,2025-12-13,12362.16,2,0.00132673,231,Tail,0.85363645
V00211,Hall-Rowe,North America,Mexico,False,False,,Medium,40,13,157807.53,12139.04076923,2024-03-19,2025-12-03,28874.06,3,0.00131478,232,Tail,0.85495123
V00241,Sloan-Raymond,Europe,UK,False,False,,Medium,43,8,156043.41,19505.42625,2024-04-01,2025-08-17,44846.88,3,0.00130008,233,Tail,0.85625131
V00312,"Mullen, Brewer and Hernandez",Europe,Italy,False,False,,Low,10,12,156020.9,13001.74166667,2024-03-05,2025-12-12,57421.86,3,0.00129989,234,Tail,0.8575512
V00357,Gilbert-Bullock,North America,Mexico,False,False,Small Business,Low,27,19,155799.74,8199.98631579,2024-02-20,2025-12-04,15777.15,4,0.00129805,235,Tail,0.85884925
V00240,Schmidt-Mcintyre,Asia Pacific,India,False,False,,Low,23,17,155365.89,9139.17,2024-01-14,2025-11-09,41370.27,9,0.00129443,236,Tail,0.86014368
V00248,Leonard Group,North America,Canada,True,False,Women-Owned,Medium,60,14,154382.38,11027.31285714,2024-01-06,2025-06-22,12760.66,2,0.00128624,237,Tail,0.86142992
V00003,Johnson-Davis,North America,Mexico,False,False,,Medium,41,10,153768.1,15376.81,2024-05-18,2025-12-28,40868.0,2,0.00128112,238,Tail,0.86271104
V00365,Jones-Fox,Europe,Italy,False,False,Small Business,Low,21,9,153069.5,17007.72222222,2024-03-12,2025-09-08,8982.71,1,0.0012753,239,Tail,0.86398634
V00032,"Lynch, Hernandez and Farmer",North America,USA,False,False,,Low,20,14,151857.3,10846.95,2024-04-16,2025-12-09,122178.16,10,0.0012652,240,Tail,0.86525154
V00151,"Barnett, Rogers and Snyder",Europe,UK,False,False,,Low,31,10,151398.56,15139.856,2024-04-18,2025-11-13,10509.96,1,0.00126138,241,Tail,0.86651292
V00094,Graham-Joyce,Latin America,Chile,False,False,Women-Owned,Low,23,11,149737.68,13612.51636364,2024-01-15,2025-10-15,130507.88,8,0.00124754,242,Tail,0.86776046
V00197,Garrett-Wolf,Asia Pacific,Japan,False,False,,Medium,51,9,149570.34,16618.92666667,2024-03-08,2025-08-05,20817.06,2,0.00124615,243,Tail,0.86900661
V00250,Blankenship-Turner,Asia Pacific,India,False,False,,Low,33,7,149403.48,21343.35428571,2024-05-08,2025-11-04,57264.16,2,0.00124476,244,Tail,0.87025137
V00102,Torres and Sons,Asia Pacific,Japan,False,False,,Medium,47,7,149084.39,21297.77,2024-08-07,2025-12-17,0.0,0,0.0012421,245,Tail,0.87149347
V00182,Brown LLC,Latin America,Argentina,False,False,,Low,13,13,148799.24,11446.09538462,2024-04-01,2025-11-15,148799.24,13,0.00123972,246,Tail,0.87273319
V00053,Martin Group,Asia Pacific,Australia,False,True,,Low,22,5,142939.04,28587.808,2024-04-21,2025-09-24,142939.04,5,0.0011909,247,Tail,0.87392409
V00097,Jones-Beck,North America,Canada,True,False,Minority-Owned,Low,38,7,141938.59,20276.94142857,2024-02-06,2025-06-13,41485.12,2,0.00118256,248,Tail,0.87510665
V00245,Gibbs Inc,North America,USA,False,False,Minority-Owned,Low,30,9,141006.24,15667.36,2024-04-26,2025-12-31,52724.77,5,0.0011748,249,Tail,0.87628145
V00332,Ponce-Hale,North America,Mexico,False,False,Women-Owned,Medium,45,10,140823.15,14082.315,2024-04-14,2025-12-05,73355.6,5,0.00117327,250,Tail,0.87745472
V00300,Harris and Sons,Asia Pacific,Singapore,False,False,Minority-Owned,Low,31,25,140216.27,5608.6508,2024-02-06,2025-11-29,64668.55,12,0.00116822,251,Tail,0.87862294
V00148,"Morton, Medina and Webb",Europe,Germany,True,False,,Low,6,19,140133.53,7375.44894737,2024-01-13,2025-12-09,56420.9,5,0.00116753,252,Tail,0.87979047
V00288,Bruce-Villegas,Latin America,Brazil,False,False,Veteran-Owned,Low,23,19,140074.36,7372.33473684,2024-02-10,2025-12-28,1873.51,1,0.00116703,253,Tail,0.8809575
V00317,Jones-Ramos,Europe,Italy,False,True,,Medium,58,9,139773.51,15530.39,2024-04-30,2025-10-27,0.0,0,0.00116453,254,Tail,0.88212203
V00396,"Daniels, Vance and York",Europe,France,False,False,,Low,13,12,137873.57,11489.46416667,2024-10-14,2025-12-30,18749.96,1,0.0011487,255,Tail,0.88327073
V00214,"Rivera, Garcia and Kirk",Latin America,Argentina,False,False,Women-Owned,Low,9,11,136843.77,12440.34272727,2024-06-07,2025-12-14,44398.54,3,0.00114012,256,Tail,0.88441085
V00194,Cordova Group,Latin America,Brazil,False,False,Minority-Owned,Medium,72,9,136494.46,15166.05111111,2024-03-14,2025-12-19,34758.01,2,0.00113721,257,Tail,0.88554806
V00101,"Adkins, Thompson and Carroll",Latin America,Chile,False,False,,Low,22,6,136411.48,22735.24666667,2024-02-13,2025-12-14,70415.98,2,0.00113652,258,Tail,0.88668458
V00155,Vaughn Ltd,Asia Pacific,India,False,False,Small Business,Low,6,11,136239.76,12385.43272727,2024-04-14,2025-12-23,14555.81,1,0.00113508,259,Tail,0.88781966
V00075,Davis Group,Europe,Germany,False,False,,Low,24,12,136038.69,11336.5575,2024-01-15,2025-12-08,46378.12,3,0.00113341,260,Tail,0.88895307
V00120,Taylor and Sons,Europe,Netherlands,False,False,,Low,31,12,134525.9,11210.49166667,2024-05-18,2025-12-19,101607.58,7,0.00112081,261,Tail,0.89007388
V00246,Gibson Ltd,Europe,UK,True,False,,Low,22,8,133527.04,16690.88,2024-07-10,2025-10-31,83535.13,4,0.00111248,262,Tail,0.89118636
V00268,Baker and Sons,North America,USA,False,False,Minority-Owned,Medium,42,9,133067.85,14785.31666667,2024-03-16,2025-12-07,57434.13,2,0.00110866,263,Tail,0.89229502
V00485,Stark Inc,Asia Pacific,Japan,False,False,,Low,31,15,131872.54,8791.50266667,2024-03-13,2025-11-20,31661.14,3,0.0010987,264,Tail,0.89339372
V00234,Parsons-Hall,Europe,France,False,False,,Low,22,25,131033.11,5241.3244,2024-01-08,2025-12-19,9502.66,3,0.00109171,265,Tail,0.89448543
V00281,Davis Inc,North America,USA,False,False,,Low,1,17,130406.19,7670.95235294,2024-04-03,2025-12-03,0.0,0,0.00108648,266,Tail,0.89557191
V00358,Conley PLC,Europe,Netherlands,False,False,Women-Owned,Low,25,9,130379.51,14486.61222222,2024-02-09,2025-12-31,11953.73,1,0.00108626,267,Tail,0.89665817
V00263,"Clark, Robinson and Kane",Europe,France,False,True,,Medium,43,7,130238.36,18605.48,2024-03-21,2025-12-30,29577.11,2,0.00108508,268,Tail,0.89774325
V00018,Underwood LLC,North America,Mexico,False,False,,Low,32,11,130093.25,11826.65909091,2024-05-28,2025-11-15,0.0,0,0.00108387,269,Tail,0.89882712
V00088,Bailey-Hoover,Latin America,Chile,False,False,,Low,30,3,130045.8,43348.6,2024-11-07,2025-09-03,130045.8,3,0.00108348,270,Tail,0.8999106
V00067,Medina PLC,Europe,Italy,False,False,,Low,16,9,129250.59,14361.17666667,2024-03-21,2025-10-20,29840.67,2,0.00107685,271,Tail,0.90098745
V00061,Powell PLC,North America,USA,False,False,Women-Owned,Low,13,8,129060.67,16132.58375,2024-01-24,2025-07-26,94419.84,6,0.00107527,272,Tail,0.90206272
V00100,Lee Ltd,North America,Canada,False,False,Women-Owned,Low,16,2,126702.76,63351.38,2024-07-31,2025-06-15,126702.76,2,0.00105563,273,Tail,0.90311835
V00098,Alvarado-Martinez,Latin America,Argentina,False,False,,Low,9,11,123213.37,11201.21545455,2024-01-21,2025-11-22,107461.43,9,0.00102656,274,Tail,0.90414491
V00434,Brock-Stone,Latin America,Chile,False,False,,Low,36,19,122787.69,6462.51,2024-03-02,2025-12-27,32857.19,2,0.00102301,275,Tail,0.90516792
V00177,Smith Group,Europe,Italy,False,False,,High,85,15,121749.71,8116.64733333,2024-01-10,2025-12-22,4588.67,2,0.00101436,276,Tail,0.90618228
V00264,Kramer PLC,Latin America,Chile,False,False,,Low,33,3,120936.31,40312.10333333,2025-03-25,2025-12-14,120936.31,3,0.00100758,277,Tail,0.90718986
V00064,Baker and Sons,Europe,France,False,False,,Low,29,10,117657.98,11765.798,2024-01-21,2025-10-03,0.0,0,0.00098027,278,Tail,0.90817013
V00073,Campbell-Clark,Europe,Netherlands,False,False,,Low,15,6,116796.74,19466.12333333,2024-10-21,2025-09-29,0.0,0,0.00097309,279,Tail,0.90914322
V00158,Coleman-Reese,Latin America,Chile,False,False,,Medium,48,20,116564.19,5828.2095,2024-01-21,2025-12-11,10027.42,3,0.00097116,280,Tail,0.91011438
V00016,"Sanchez, Ford and Nelson",North America,USA,False,False,,Low,35,8,116194.69,14524.33625,2024-02-24,2025-10-25,21333.1,1,0.00096808,281,Tail,0.91108246
V00289,"Leonard, Hawkins and Lynch",Asia Pacific,India,False,False,,Low,39,17,115449.88,6791.16941176,2024-01-30,2025-12-23,45726.44,6,0.00096187,282,Tail,0.91204433
V00381,Griffin-Robbins,Latin America,Chile,False,False,,Medium,60,6,114521.29,19086.88166667,2024-01-08,2025-12-07,0.0,0,0.00095414,283,Tail,0.91299847
V00273,"Browning, Jones and Miller",Europe,Italy,True,False,Women-Owned,Medium,46,20,113696.42,5684.821,2024-08-06,2025-12-13,47522.63,8,0.00094726,284,Tail,0.91394573
V00076,Smith and Sons,Asia Pacific,Singapore,False,False,,Low,6,14,112413.48,8029.53428571,2024-03-23,2025-12-25,53065.54,8,0.00093658,285,Tail,0.91488231
V00181,Holland LLC,North America,Mexico,False,False,,Medium,56,19,110914.41,5837.60052632,2024-03-06,2025-10-29,7134.74,2,0.00092409,286,Tail,0.9158064
V00136,"Williams, Johnson and Wright",Latin America,Argentina,False,False,,Low,34,5,110642.25,22128.45,2024-11-20,2025-12-21,110642.25,5,0.00092182,287,Tail,0.91672822
V00058,"Fitzgerald, Brown and Edwards",Latin America,Brazil,False,False,,Low,34,6,110075.22,18345.87,2024-08-03,2025-10-10,48777.6,2,0.00091709,288,Tail,0.91764531
V00227,Byrd-Moore,North America,Mexico,False,True,,Low,30,6,107817.3,17969.55,2024-03-03,2025-05-07,22324.08,1,0.00089828,289,Tail,0.91854359
V00168,Everett-Woods,Asia Pacific,Australia,True,False,,Medium,69,19,107602.74,5663.30210526,2024-02-05,2025-12-25,17324.92,2,0.00089649,290,Tail,0.91944008
V00025,Conner Group,Europe,France,False,False,,Low,20,11,107374.3,9761.3,2024-06-20,2025-12-13,80288.15,8,0.00089459,291,Tail,0.92033467
V00253,Chavez-Santiago,Asia Pacific,Australia,False,False,,Low,13,6,106937.61,17822.935,2024-09-12,2025-11-28,106937.61,6,0.00089095,292,Tail,0.92122562
V00137,"Hernandez, Martinez and Caldwell",Europe,Germany,False,False,,Low,30,9,106920.1,11880.01111111,2024-09-05,2025-11-04,0.0,0,0.00089081,293,Tail,0.92211643
V00401,"Higgins, Fox and Hammond",Latin America,Argentina,False,False,,Medium,40,7,105974.58,15139.22571429,2024-01-20,2025-08-15,18148.71,1,0.00088293,294,Tail,0.92299936
V00262,Buchanan and Sons,North America,USA,False,False,Minority-Owned,Medium,54,4,105234.54,26308.635,2024-06-27,2025-12-18,39453.52,2,0.00087676,295,Tail,0.92387612
V00407,"Jacobson, Singleton and King",North America,USA,False,False,Minority-Owned,Low,19,14,105200.77,7514.34071429,2024-03-27,2025-11-29,102578.49,13,0.00087648,296,Tail,0.9247526
V00421,"Barnes, Estes and Barrera",North America,Canada,False,False,Veteran-Owned,Low,35,12,105185.79,8765.4825,2024-07-04,2025-11-28,51644.47,2,0.00087636,297,Tail,0.92562896
V00011,"Montgomery, Hensley and Ray",Asia Pacific,Australia,False,False,,Medium,54,9,103856.04,11539.56,2024-03-12,2025-12-02,8833.64,1,0.00086528,298,Tail,0.92649424
V00299,"Estrada, Williams and Foster",Asia Pacific,Australia,False,False,,Medium,47,9,103532.66,11503.62888889,2024-05-19,2025-09-05,26848.06,4,0.00086258,299,Tail,0.92735682
V00199,Dudley PLC,Latin America,Chile,False,False,,High,94,9,103038.37,11448.70777778,2024-06-09,2025-12-19,60524.39,3,0.00085847,300,Tail,0.92821529
V00352,Wilkerson-Arias,North America,Mexico,False,False,,Medium,57,13,102657.2,7896.70769231,2024-03-24,2025-12-29,52415.6,5,0.00085529,301,Tail,0.92907058
V00437,"Burns, Hart and Wells",North America,Mexico,False,False,Veteran-Owned,Low,14,12,102281.54,8523.46166667,2024-01-04,2025-10-10,8453.12,4,0.00085216,302,Tail,0.92992274
V00490,Scott-Smith,Europe,Germany,False,False,Veteran-Owned,Low,25,15,102077.97,6805.198,2024-06-11,2025-11-13,50738.98,7,0.00085047,303,Tail,0.93077321
V00195,Sandoval PLC,Asia Pacific,Australia,False,False,,Low,11,9,101843.56,11315.95111111,2024-03-20,2025-12-19,61404.31,4,0.00084851,304,Tail,0.93162172
V00338,Richard-Garcia,Europe,Netherlands,False,False,,Medium,60,4,101830.83,25457.7075,2024-02-12,2025-03-17,101830.83,4,0.00084841,305,Tail,0.93247013
V00095,"Lee, Williams and Graham",Europe,Germany,False,False,,Low,32,13,101373.17,7797.93615385,2024-05-05,2025-12-22,39514.85,7,0.00084459,306,Tail,0.93331472
V00425,Williams-Campbell,North America,Mexico,False,False,,Medium,44,10,99081.51,9908.151,2024-05-12,2025-12-20,24178.04,3,0.0008255,307,Tail,0.93414022
V00453,Cardenas-Blevins,Asia Pacific,China,False,False,Minority-Owned,Medium,54,7,98882.78,14126.11142857,2024-04-30,2025-12-25,0.0,0,0.00082384,308,Tail,0.93496406
V00083,Hancock and Sons,Latin America,Argentina,False,False,,Low,32,19,97492.56,5131.18736842,2024-05-14,2025-12-29,21415.47,3,0.00081226,309,Tail,0.93577632
V00406,Martin Ltd,Europe,France,False,False,Small Business,Low,16,8,97394.16,12174.27,2024-04-01,2025-09-17,46502.02,4,0.00081144,310,Tail,0.93658776
V00433,"Hicks, Porter and Williams",Europe,UK,False,False,,Medium,47,16,97082.59,6067.661875,2024-02-28,2025-12-06,15423.31,3,0.00080885,311,Tail,0.93739661
V00138,Marshall LLC,Asia Pacific,China,False,False,,Low,27,17,96666.07,5686.23941176,2024-04-16,2025-10-28,2693.63,1,0.00080538,312,Tail,0.93820199
V00326,Warren-Bishop,Asia Pacific,Australia,True,False,,Medium,59,14,96575.44,6898.24571429,2024-02-03,2025-11-08,9475.23,3,0.00080462,313,Tail,0.93900661
V00487,"Ramos, Frazier and Love",Asia Pacific,India,False,False,,Low,18,3,95982.9,31994.3,2025-02-18,2025-12-22,95982.9,3,0.00079968,314,Tail,0.93980629
V00258,Stephens-Levine,Asia Pacific,Japan,False,False,,High,75,2,95320.86,47660.43,2024-06-05,2024-09-24,95320.86,2,0.00079417,315,Tail,0.94060046
V00323,Jacobs-Mason,Europe,UK,False,False,,Medium,64,21,94997.64,4523.69714286,2024-02-08,2025-12-26,20242.31,4,0.00079148,316,Tail,0.94139194
V00259,Hill-Donaldson,Latin America,Brazil,False,True,,Low,25,11,94635.01,8603.18272727,2024-01-01,2025-08-24,10982.58,3,0.00078845,317,Tail,0.94218039
V00469,Nelson-Lamb,North America,Mexico,True,False,,Medium,47,3,93715.84,31238.61333333,2024-09-10,2025-06-19,93715.84,3,0.0007808,318,Tail,0.94296119
V00362,"Smith, Robertson and Allen",Asia Pacific,India,False,False,,Low,26,19,93511.01,4921.63210526,2024-01-23,2025-12-27,4697.1,2,0.00077909,319,Tail,0.94374028
V00086,Moore-Haynes,North America,Canada,False,True,,Low,32,6,92385.58,15397.59666667,2024-04-18,2025-01-03,56321.17,4,0.00076971,320,Tail,0.94450999
V00203,"Hill, Davenport and Baird",Asia Pacific,China,False,True,,Low,12,7,91724.04,13103.43428571,2024-10-17,2025-10-24,41588.32,3,0.0007642,321,Tail,0.94527419
V00198,"Anderson, Roberts and Gilmore",North America,USA,False,True,,Low,15,6,90645.19,15107.53166667,2024-11-09,2025-11-14,0.0,0,0.00075521,322,Tail,0.9460294
V00346,Hammond-Strickland,North America,USA,False,False,,Medium,55,3,89912.25,29970.75,2024-04-16,2025-11-19,89912.25,3,0.00074911,323,Tail,0.94677851
V00180,"Lawrence, Lara and Gonzalez",Europe,Italy,False,True,,Low,12,19,87369.36,4598.38736842,2024-01-01,2025-12-18,30180.03,6,0.00072792,324,Tail,0.94750643
V00077,Martin-Ramos,Latin America,Brazil,False,False,,Medium,45,14,86933.3,6209.52142857,2024-03-07,2025-10-24,4022.53,1,0.00072429,325,Tail,0.94823072
V00257,Foley Inc,North America,Mexico,False,False,,Low,22,9,86689.58,9632.17555556,2024-05-24,2025-12-11,7825.33,1,0.00072226,326,Tail,0.94895298
V00498,"Long, Anderson and Irwin",Europe,France,False,False,,Medium,47,5,86445.01,17289.002,2025-03-10,2025-12-22,38745.39,2,0.00072022,327,Tail,0.9496732
V00302,Thompson-James,Europe,Germany,False,False,,Low,3,12,86112.44,7176.03666667,2024-04-06,2025-10-27,59606.06,5,0.00071745,328,Tail,0.95039065
V00334,Li-Santiago,Latin America,Brazil,False,False,,Medium,41,4,85676.93,21419.2325,2024-09-01,2025-12-14,39068.72,2,0.00071382,329,Tail,0.95110447
V00494,"Good, Brewer and Fisher",Europe,Netherlands,True,False,Minority-Owned,Low,35,20,85444.31,4272.2155,2024-02-18,2025-12-21,11238.47,1,0.00071188,330,Tail,0.95181635
V00062,"Williams, Miller and Sandoval",North America,USA,False,False,,Medium,40,18,85246.42,4735.91222222,2024-03-06,2025-12-13,0.0,0,0.00071023,331,Tail,0.95252658
V00082,"Henson, Russell and Oliver",North America,Mexico,True,False,,Low,12,17,84787.04,4987.47294118,2024-01-31,2025-12-27,27863.84,3,0.00070641,332,Tail,0.95323299
V00390,Wright-Wilson,Asia Pacific,Singapore,False,False,,Low,11,3,82494.51,27498.17,2025-04-12,2025-11-07,82494.51,3,0.0006873,333,Tail,0.95392029
V00047,Owens-Daniel,North America,Mexico,False,False,Minority-Owned,Low,15,7,82309.63,11758.51857143,2024-03-04,2025-10-19,11805.47,1,0.00068576,334,Tail,0.95460605
V00099,"Parker, Ortiz and Powell",Latin America,Chile,False,False,,Low,20,7,81638.06,11662.58,2024-04-10,2025-10-20,10366.36,2,0.00068017,335,Tail,0.95528622
V00133,Murphy-Juarez,Europe,UK,True,False,,Medium,47,2,81352.84,40676.42,2024-09-23,2025-11-07,0.0,0,0.00067779,336,Tail,0.95596401
V00336,"Cox, Cox and White",Europe,Italy,False,False,,Low,17,16,81242.65,5077.665625,2024-09-16,2025-12-30,81242.65,16,0.00067688,337,Tail,0.95664089
V00383,Mendez-Graham,North America,Mexico,False,True,,Low,27,10,79196.99,7919.699,2024-03-24,2025-12-01,37539.69,5,0.00065983,338,Tail,0.95730072
V00294,Griffith-Frank,Asia Pacific,China,False,False,,Low,15,5,78745.2,15749.04,2024-01-06,2025-10-20,78745.2,5,0.00065607,339,Tail,0.95795679
V00130,"Ferguson, Meadows and Vargas",North America,Mexico,False,True,Women-Owned,Medium,51,11,77848.85,7077.16818182,2024-02-16,2025-07-19,14088.99,1,0.0006486,340,Tail,0.95860539
V00410,"Winters, Morgan and Bradshaw",North America,Mexico,False,False,Minority-Owned,Low,8,12,75439.87,6286.65583333,2024-04-22,2025-12-19,4400.68,2,0.00062853,341,Tail,0.95923392
V00366,"Spencer, Myers and Harrison",North America,Mexico,True,False,,Low,30,11,73747.26,6704.29636364,2024-02-17,2025-12-08,3544.84,2,0.00061443,342,Tail,0.95984835
V00039,"Campos, Vaughn and Marquez",North America,Mexico,True,False,,Low,16,13,73657.16,5665.93538462,2024-04-15,2025-12-21,15510.49,2,0.00061368,343,Tail,0.96046203
V00414,Webb-Ballard,North America,Mexico,False,False,,Low,33,2,72723.2,36361.6,2024-09-29,2025-07-05,72723.2,2,0.0006059,344,Tail,0.96106793
V00201,Murray Inc,Latin America,Argentina,False,False,,Low,38,5,71995.22,14399.044,2024-05-19,2025-10-02,0.0,0,0.00059983,345,Tail,0.96166776
V00146,Yu-Reid,North America,Canada,False,False,Minority-Owned,Low,22,7,71529.06,10218.43714286,2024-05-16,2025-10-27,21798.92,2,0.00059595,346,Tail,0.96226371
V00452,"Hill, Martinez and Rhodes",Asia Pacific,India,False,False,,Medium,58,21,71099.88,3385.70857143,2024-05-01,2025-12-17,2270.6,2,0.00059237,347,Tail,0.96285608
V00096,"Mcdaniel, Bentley and Mclaughlin",North America,Canada,False,True,,Medium,44,11,70752.48,6432.04363636,2024-07-23,2025-12-25,67674.72,10,0.00058948,348,Tail,0.96344556
V00342,Diaz-Ball,Latin America,Argentina,False,False,,Medium,45,12,70318.88,5859.90666667,2024-01-02,2025-10-29,0.0,0,0.00058586,349,Tail,0.96403142
V00216,Jones LLC,North America,Canada,False,False,,Low,30,12,69851.75,5820.97916667,2024-02-19,2025-10-03,18319.88,4,0.00058197,350,Tail,0.96461339
V00071,"Evans, Alvarado and Mcmillan",Europe,France,False,True,,Low,33,21,69400.32,3304.77714286,2024-01-24,2025-12-15,494.43,1,0.00057821,351,Tail,0.9651916
V00459,"Townsend, Smith and Pierce",Latin America,Argentina,False,False,,Low,3,2,69002.24,34501.12,2025-01-18,2025-09-20,69002.24,2,0.00057489,352,Tail,0.96576649
V00269,"Wilson, Brown and West",North America,Mexico,False,False,Veteran-Owned,Low,9,8,68714.42,8589.3025,2024-05-05,2025-11-24,11464.32,1,0.0005725,353,Tail,0.96633899
V00123,Price-Carrillo,Latin America,Chile,True,False,,Low,30,16,68660.22,4291.26375,2024-03-13,2025-12-01,41980.91,8,0.00057204,354,Tail,0.96691103
V00093,Johnson-Carlson,Europe,France,True,False,,Low,26,17,68546.51,4032.14764706,2024-01-19,2025-10-13,15877.21,6,0.0005711,355,Tail,0.96748213
V00108,Riggs PLC,Europe,UK,False,False,,Low,30,16,68390.81,4274.425625,2024-01-20,2025-11-20,33775.17,6,0.0005698,356,Tail,0.96805193
V00443,"Rodriguez, Smith and Edwards",Asia Pacific,China,False,False,,Low,23,5,68167.13,13633.426,2024-02-17,2025-05-09,0.0,0,0.00056794,357,Tail,0.96861987
V00140,Oconnell Inc,Latin America,Chile,False,False,Women-Owned,Medium,40,17,67841.46,3990.67411765,2024-01-01,2025-12-17,20526.65,8,0.00056522,358,Tail,0.96918509
V00174,Torres-Oliver,Asia Pacific,China,False,False,,Low,31,6,67649.63,11274.93833333,2024-01-23,2025-07-16,2631.15,1,0.00056362,359,Tail,0.96974871
V00341,"Wise, Lamb and Martin",Europe,Germany,False,False,,Low,30,17,67647.7,3979.27647059,2024-01-01,2025-12-08,3923.27,1,0.00056361,360,Tail,0.97031232
V00449,Grant-Walker,Europe,Germany,True,False,,Low,32,16,65931.54,4120.72125,2024-03-31,2025-11-22,24113.32,8,0.00054931,361,Tail,0.97086163
V00347,Burch-Montoya,Asia Pacific,Australia,False,False,,Medium,50,12,65338.69,5444.89083333,2024-03-16,2025-07-03,0.0,0,0.00054437,362,Tail,0.971406
V00379,"Coleman, Jordan and Carney",Asia Pacific,Singapore,True,False,,Low,19,11,63602.38,5782.03454545,2024-01-09,2025-10-13,11028.35,2,0.0005299,363,Tail,0.9719359
V00184,Bender-Mason,Latin America,Argentina,False,False,,Low,27,16,62896.78,3931.04875,2024-03-12,2025-12-22,6204.12,4,0.00052403,364,Tail,0.97245993
V00371,"White, Taylor and Baldwin",Asia Pacific,Japan,False,False,,Low,26,4,62151.35,15537.8375,2024-01-26,2025-04-09,0.0,0,0.00051782,365,Tail,0.97297775
V00291,Bell-White,Europe,Italy,True,False,,Low,24,17,61240.7,3602.39411765,2024-03-09,2025-12-23,19348.62,3,0.00051023,366,Tail,0.97348798
V00028,"Potter, Mack and Peterson",Europe,Germany,False,False,,Low,20,6,61039.42,10173.23666667,2024-03-24,2025-09-20,61039.42,6,0.00050855,367,Tail,0.97399653
V00040,"Santos, Kim and Holmes",Europe,Germany,True,False,Veteran-Owned,Low,6,11,60924.97,5538.63363636,2024-02-17,2025-12-10,23467.23,5,0.0005076,368,Tail,0.97450413
V00049,Lee PLC,Europe,France,False,False,,Medium,48,3,59116.38,19705.46,2024-12-07,2025-06-14,59116.38,3,0.00049253,369,Tail,0.97499666
V00079,"Johnson, Wood and Tran",Europe,France,False,True,,Low,26,16,59026.95,3689.184375,2024-02-04,2025-10-02,3173.11,2,0.00049178,370,Tail,0.97548844
V00475,Finley-Turner,Asia Pacific,China,True,False,,Low,6,14,57807.87,4129.13357143,2024-03-13,2025-10-24,10651.13,4,0.00048163,371,Tail,0.97597007
V00350,Mitchell and Sons,Latin America,Argentina,False,False,,Low,12,3,57568.53,19189.51,2024-07-26,2025-11-11,32874.37,2,0.00047963,372,Tail,0.9764497
V00295,Ware and Sons,North America,USA,False,False,Veteran-Owned,Low,9,13,57140.89,4395.45307692,2024-03-15,2025-12-13,777.82,1,0.00047607,373,Tail,0.97692577
V00482,"Dunn, Ruiz and Medina",Asia Pacific,Singapore,True,True,Veteran-Owned,Medium,44,17,56125.94,3301.52588235,2024-04-26,2025-12-24,620.84,1,0.00046761,374,Tail,0.97739338
V00440,"Patton, Parsons and Lane",North America,USA,False,False,,Low,20,17,54408.77,3200.51588235,2024-04-06,2025-12-31,15452.88,3,0.00045331,375,Tail,0.97784669
V00041,Brown Inc,Europe,Netherlands,False,False,,Low,7,4,53771.1,13442.775,2024-12-06,2025-11-07,53771.1,4,0.000448,376,Tail,0.97829469
V00109,Gibson Ltd,Asia Pacific,China,False,False,Minority-Owned,Low,26,16,53462.51,3341.406875,2024-01-13,2025-10-12,3070.46,1,0.00044542,377,Tail,0.97874011
V00252,Wilson-Young,Latin America,Brazil,True,False,,Medium,58,6,53401.71,8900.285,2024-03-31,2025-10-07,53401.71,6,0.00044492,378,Tail,0.97918503
V00090,Lin-Rasmussen,North America,USA,False,True,Women-Owned,Low,18,3,53231.62,17743.87333333,2024-01-13,2025-05-24,17262.27,1,0.0004435,379,Tail,0.97962853
V00054,Barrera-Martin,North America,Canada,False,False,,Low,16,4,52970.45,13242.6125,2024-03-01,2025-10-12,52970.45,4,0.00044132,380,Tail,0.98006985
V00026,James-Ferrell,Europe,France,False,False,,Low,18,11,52351.34,4759.21272727,2024-02-28,2025-12-29,0.0,0,0.00043617,381,Tail,0.98050602
V00283,"Hoffman, Santiago and Jenkins",Asia Pacific,Japan,False,False,,Low,25,4,51740.39,12935.0975,2024-06-26,2025-01-01,16572.58,2,0.00043108,382,Tail,0.9809371
V00339,"Stephenson, Johnson and Rogers",Latin America,Chile,False,False,,Low,14,10,51533.04,5153.304,2024-01-09,2025-12-29,6668.34,2,0.00042935,383,Tail,0.98136645
V00413,"Johnson, Small and Gardner",Europe,Netherlands,False,False,,Medium,54,3,51485.82,17161.94,2024-03-06,2025-02-02,0.0,0,0.00042896,384,Tail,0.98179541
V00256,Johnson-Wood,Asia Pacific,India,False,False,,Low,34,9,50354.55,5594.95,2024-06-30,2025-12-02,8016.32,3,0.00041953,385,Tail,0.98221494
V00266,Rodriguez Inc,Latin America,Argentina,False,False,,Low,20,16,49284.76,3080.2975,2024-03-03,2025-11-13,1549.9,1,0.00041062,386,Tail,0.98262556
V00319,Hayes-Brown,Europe,France,True,False,Women-Owned,Low,8,11,48558.17,4414.37909091,2024-04-29,2025-11-21,7810.06,2,0.00040456,387,Tail,0.98303012
V00209,Cook-Hines,Asia Pacific,China,True,False,,Low,30,5,48133.62,9626.724,2024-05-11,2025-12-10,32602.05,3,0.00040103,388,Tail,0.98343115
V00230,Rodriguez-James,North America,Mexico,False,False,,Medium,46,9,47832.7,5314.74444444,2024-05-02,2025-11-20,9952.14,2,0.00039852,389,Tail,0.98382967
V00015,"Zuniga, Wong and Lynch",Latin America,Chile,False,False,,Low,13,3,47211.77,15737.25666667,2024-12-16,2025-12-25,47211.77,3,0.00039335,390,Tail,0.98422302
V00495,West-Stark,North America,USA,True,False,Women-Owned,Low,1,14,46839.85,3345.70357143,2024-01-07,2025-12-21,5852.01,2,0.00039025,391,Tail,0.98461327
V00431,"Wilson, Hester and Long",Asia Pacific,Japan,False,False,,Medium,56,2,44784.31,22392.155,2024-07-24,2025-06-06,44784.31,2,0.00037312,392,Tail,0.98498639
V00271,"Boyd, Ellis and Maynard",Asia Pacific,Australia,False,False,,Low,37,2,42471.01,21235.505,2025-11-30,2025-12-06,42471.01,2,0.00035385,393,Tail,0.98534024
V00114,Contreras-Travis,Asia Pacific,China,True,False,Small Business,Medium,64,14,42352.6,3025.18571429,2024-02-26,2025-11-15,29138.81,8,0.00035286,394,Tail,0.9856931
V00115,Salazar-Ball,Europe,Italy,False,False,,Medium,50,4,42288.85,10572.2125,2024-06-15,2025-10-26,7810.6,1,0.00035233,395,Tail,0.98604543
V00218,"James, Stewart and Higgins",Latin America,Chile,False,False,,Low,31,3,41485.77,13828.59,2024-08-06,2025-06-14,41485.77,3,0.00034564,396,Tail,0.98639107
V00213,"Pollard, Simpson and Johnson",North America,USA,False,False,Veteran-Owned,Low,22,2,41220.32,20610.16,2025-01-09,2025-04-16,41220.32,2,0.00034343,397,Tail,0.9867345
V00050,White-Ford,North America,USA,False,True,,Low,9,3,40369.76,13456.58666667,2024-12-15,2025-10-29,40369.76,3,0.00033634,398,Tail,0.98707084
V00065,Bryant-Hickman,North America,Mexico,False,False,Women-Owned,Low,11,2,40276.83,20138.415,2024-04-14,2025-03-08,40276.83,2,0.00033557,399,Tail,0.98740641
V00309,Foster LLC,Latin America,Chile,False,False,,Medium,42,2,40227.44,20113.72,2024-03-09,2025-07-05,40227.44,2,0.00033516,400,Tail,0.98774157
V00318,Vargas-Bell,Latin America,Brazil,True,False,Women-Owned,Medium,56,12,37956.26,3163.02166667,2024-02-16,2025-10-01,0.0,0,0.00031623,401,Tail,0.9880578
V00274,Martinez PLC,Latin America,Argentina,False,False,,Medium,44,5,37661.21,7532.242,2024-02-27,2025-07-05,37661.21,5,0.00031378,402,Tail,0.98837158
V00035,Allen PLC,North America,USA,False,False,Women-Owned,Low,12,2,37622.26,18811.13,2025-01-02,2025-07-20,37622.26,2,0.00031345,403,Tail,0.98868503
V00202,Jimenez Ltd,North America,Canada,False,False,,Medium,46,3,37376.18,12458.72666667,2024-01-16,2024-12-06,37376.18,3,0.0003114,404,Tail,0.98899643
V00111,Stafford Inc,Latin America,Brazil,False,False,Women-Owned,Low,7,9,37286.61,4142.95666667,2024-05-29,2025-12-28,6969.15,1,0.00031065,405,Tail,0.98930708
V00457,"Matthews, Sanchez and Santiago",Asia Pacific,Australia,False,False,,Low,22,2,37237.18,18618.59,2025-05-17,2025-10-31,37237.18,2,0.00031024,406,Tail,0.98961732
V00444,"Harris, Shaw and Carr",Asia Pacific,India,True,True,,Low,8,1,36980.9,36980.9,2025-05-12,2025-05-12,36980.9,1,0.00030811,407,Tail,0.98992543
V00427,Khan Ltd,Europe,France,True,False,Women-Owned,Low,20,10,35795.7,3579.57,2024-01-09,2025-08-01,14090.61,5,0.00029823,408,Tail,0.99022366
V00048,"Garcia, Powell and Morgan",Europe,France,True,False,,Low,38,6,34984.11,5830.685,2024-04-03,2025-12-21,18592.83,3,0.00029147,409,Tail,0.99051513
V00428,Diaz-Morales,North America,Canada,True,False,Women-Owned,Medium,55,1,34889.02,34889.02,2025-11-28,2025-11-28,34889.02,1,0.00029068,410,Tail,0.99080581
V00474,Green and Sons,North America,Canada,False,False,,Low,32,3,34724.08,11574.69333333,2025-04-07,2025-09-07,34724.08,3,0.0002893,411,Tail,0.99109511
V00489,"Brown, Ford and Roman",Europe,France,True,False,,Low,19,3,31560.09,10520.03,2024-05-14,2025-01-20,31560.09,3,0.00026294,412,Tail,0.99135805
V00360,Allen Ltd,Latin America,Chile,False,False,Women-Owned,Medium,58,3,30989.67,10329.89,2024-06-09,2024-11-23,30989.67,3,0.00025819,413,Tail,0.99161624
V00191,Santiago-Hodge,Asia Pacific,India,False,False,,Low,30,2,29686.19,14843.095,2024-10-19,2025-10-31,29686.19,2,0.00024733,414,Tail,0.99186357
V00446,"Mendoza, Bennett and Frye",Asia Pacific,China,False,False,Small Business,Low,33,2,29146.7,14573.35,2025-11-06,2025-12-19,29146.7,2,0.00024284,415,Tail,0.99210641
V00089,Johnson and Sons,North America,Mexico,False,False,,Medium,40,1,29041.25,29041.25,2025-03-02,2025-03-02,29041.25,1,0.00024196,416,Tail,0.99234837
V00212,"Kennedy, Mcintyre and James",Asia Pacific,India,True,False,,Low,36,10,26945.99,2694.599,2024-01-28,2025-12-11,1413.93,1,0.0002245,417,Tail,0.99257287
V00189,White-Richards,Latin America,Argentina,False,False,,Medium,46,1,24691.99,24691.99,2024-02-05,2024-02-05,24691.99,1,0.00020572,418,Tail,0.99277859
V00380,Morris-Miller,Asia Pacific,China,False,True,,Low,28,3,24401.77,8133.92333333,2024-01-02,2024-09-28,24401.77,3,0.0002033,419,Tail,0.99298189
V00367,King-Smith,North America,Mexico,False,False,,Medium,60,2,23937.04,11968.52,2024-02-23,2024-08-17,23937.04,2,0.00019943,420,Tail,0.99318132
V00479,Vaughn-Fowler,North America,Mexico,False,False,,Low,32,9,23769.8,2641.08888889,2024-01-16,2025-12-31,12514.69,4,0.00019804,421,Tail,0.99337936
V00157,"Sanchez, Beck and Wood",Latin America,Chile,False,False,,Low,16,2,23547.4,11773.7,2024-02-26,2024-05-25,23547.4,2,0.00019619,422,Tail,0.99357555
V00236,"Saunders, Becker and Taylor",Europe,France,False,False,,Low,11,3,23498.77,7832.92333333,2024-09-27,2025-12-18,23498.77,3,0.00019578,423,Tail,0.99377133
V00301,Roberts-Wilson,Asia Pacific,China,False,False,,Low,20,2,23367.49,11683.745,2025-06-15,2025-11-06,23367.49,2,0.00019469,424,Tail,0.99396602
V00081,Fleming Ltd,Latin America,Chile,False,False,,Low,4,2,23335.9,11667.95,2025-04-18,2025-10-01,23335.9,2,0.00019442,425,Tail,0.99416044
V00161,Lee Ltd,Asia Pacific,India,False,False,,Low,38,3,22938.33,7646.11,2024-02-10,2024-11-14,22938.33,3,0.00019111,426,Tail,0.99435155
V00460,Delgado-Gilmore,Latin America,Brazil,False,False,,Medium,41,4,22883.37,5720.8425,2024-01-14,2025-12-30,22883.37,4,0.00019065,427,Tail,0.9945422
V00260,Davis-Lewis,Asia Pacific,Australia,False,False,Small Business,Low,19,1,22546.63,22546.63,2025-10-16,2025-10-16,22546.63,1,0.00018785,428,Tail,0.99473005
V00237,"Lucas, Parker and Alexander",North America,Canada,False,False,,Low,11,3,22359.93,7453.31,2024-11-17,2025-07-31,22359.93,3,0.00018629,429,Tail,0.99491634
V00208,"Duarte, Burns and Hernandez",North America,Canada,False,False,,Medium,52,2,22324.12,11162.06,2025-10-19,2025-12-27,22324.12,2,0.00018599,430,Tail,0.99510233
V00345,Richardson PLC,North America,USA,False,False,,Low,18,3,21982.4,7327.46666667,2024-07-20,2025-12-21,21982.4,3,0.00018315,431,Tail,0.99528548
V00022,Burgess-Patterson,North America,Mexico,True,False,,Low,39,2,21975.48,10987.74,2025-08-16,2025-12-02,21975.48,2,0.00018309,432,Tail,0.99546857
V00436,"Stevenson, Evans and Rogers",Asia Pacific,Singapore,False,True,Veteran-Owned,Low,14,5,21565.07,4313.014,2024-01-18,2025-12-01,21565.07,5,0.00017967,433,Tail,0.99564824
V00349,Spencer-Garcia,Europe,Netherlands,True,False,,Low,29,2,20751.22,10375.61,2024-03-18,2025-12-21,20751.22,2,0.00017289,434,Tail,0.99582113
V00373,Stewart LLC,North America,USA,False,False,,Low,12,3,20654.49,6884.83,2024-03-22,2025-09-21,20654.49,3,0.00017208,435,Tail,0.99599321
V00020,Lewis-Porter,Asia Pacific,Australia,False,False,,Low,20,10,20559.54,2055.954,2024-03-21,2025-11-24,736.05,1,0.00017129,436,Tail,0.9961645
V00340,Harper and Sons,Asia Pacific,China,False,False,,Medium,43,2,20304.36,10152.18,2024-10-30,2025-02-11,20304.36,2,0.00016917,437,Tail,0.99633367
V00310,Cook and Sons,Latin America,Chile,False,False,Minority-Owned,Low,8,1,19769.06,19769.06,2025-11-09,2025-11-09,19769.06,1,0.00016471,438,Tail,0.99649838
V00044,"Young, Caldwell and Lewis",North America,USA,False,False,,Low,6,2,19750.94,9875.47,2024-09-06,2024-10-17,19750.94,2,0.00016456,439,Tail,0.99666294
V00107,Walker-Gonzalez,Asia Pacific,Japan,False,False,,Low,15,1,18982.65,18982.65,2024-11-21,2024-11-21,18982.65,1,0.00015815,440,Tail,0.99682109
V00002,Rhodes PLC,North America,Mexico,True,False,,Low,24,1,18533.6,18533.6,2024-04-02,2024-04-02,18533.6,1,0.00015441,441,Tail,0.9969755
V00477,Contreras Group,Europe,Italy,False,True,,Medium,56,3,17051.73,5683.91,2025-01-26,2025-11-30,17051.73,3,0.00014207,442,Tail,0.99711757
V00320,Newman Inc,Asia Pacific,Japan,False,False,,Low,34,1,16306.93,16306.93,2025-05-31,2025-05-31,16306.93,1,0.00013586,443,Tail,0.99725343
V00464,Peck Inc,Europe,Germany,True,True,,Low,32,2,16283.41,8141.705,2024-11-05,2025-05-07,16283.41,2,0.00013567,444,Tail,0.9973891
V00244,"Craig, Sanders and Singleton",Europe,France,False,False,,Low,23,3,15671.9,5223.96666667,2024-03-17,2025-11-26,15671.9,3,0.00013057,445,Tail,0.99751967
V00303,"Hansen, Barnett and Gomez",Latin America,Brazil,False,False,Minority-Owned,Medium,41,1,15265.44,15265.44,2025-01-24,2025-01-24,0.0,0,0.00012718,446,Tail,0.99764685
V00170,Hernandez PLC,North America,USA,False,False,,Low,18,2,15076.63,7538.315,2024-05-04,2025-12-31,15076.63,2,0.00012561,447,Tail,0.99777246
V00329,Davis-Gregory,Europe,Netherlands,False,False,,Medium,60,2,14828.05,7414.025,2024-03-31,2024-10-08,14828.05,2,0.00012354,448,Tail,0.997896
V00215,Smith-Thomas,Asia Pacific,India,False,False,,Medium,42,2,14523.09,7261.545,2025-01-20,2025-05-25,14523.09,2,0.000121,449,Tail,0.998017
V00242,Francis-Morgan,Latin America,Chile,False,True,,Low,30,6,13221.49,2203.58166667,2024-05-12,2025-11-10,13221.49,6,0.00011016,450,Tail,0.99812716
V00152,Lewis-Salinas,Latin America,Argentina,False,False,,Low,13,2,13166.2,6583.1,2024-04-17,2025-11-19,13166.2,2,0.00010969,451,Tail,0.99823685
V00314,"Jones, Bean and Burton",North America,Canada,False,False,,Low,25,1,12928.04,12928.04,2024-02-10,2024-02-10,12928.04,1,0.00010771,452,Tail,0.99834456
V00327,Hughes-Schroeder,North America,Mexico,False,False,,Low,13,2,12574.81,6287.405,2024-02-24,2025-02-16,12574.81,2,0.00010477,453,Tail,0.99844933
V00092,Wilson LLC,Asia Pacific,India,False,False,,Low,17,2,12073.82,6036.91,2025-01-03,2025-10-09,12073.82,2,0.00010059,454,Tail,0.99854992
V00435,"Taylor, Velazquez and Flores",North America,Mexico,False,False,Minority-Owned,Medium,40,1,12072.12,12072.12,2025-06-02,2025-06-02,12072.12,1,0.00010058,455,Tail,0.9986505
V00217,"Sanders, Miller and Murphy",Asia Pacific,China,False,True,,Low,8,1,10528.8,10528.8,2024-05-22,2024-05-22,10528.8,1,8.772e-05,456,Tail,0.99873822
V00364,Beck Inc,Latin America,Brazil,False,False,,Medium,50,2,10524.5,5262.25,2024-02-19,2024-04-10,10524.5,2,8.769e-05,457,Tail,0.99882591
V00162,"Lawrence, Wolf and Carlson",Europe,Italy,False,False,Women-Owned,Low,29,1,10483.12,10483.12,2025-10-19,2025-10-19,10483.12,1,8.734e-05,458,Tail,0.99891325
V00467,Hebert LLC,North America,Canada,False,True,,Low,32,1,10129.34,10129.34,2024-01-04,2024-01-04,10129.34,1,8.439e-05,459,Tail,0.99899764
V00304,"Williams, Smith and Morse",Europe,Germany,False,False,,Low,30,2,9850.74,4925.37,2025-08-10,2025-12-23,9850.74,2,8.207e-05,460,Tail,0.99907971
V00280,Mcdaniel Group,Europe,UK,False,False,,Low,5,2,9511.58,4755.79,2025-08-27,2025-10-31,9511.58,2,7.925e-05,461,Tail,0.99915896
V00331,Aguilar and Sons,North America,Mexico,False,True,,Medium,40,1,9306.24,9306.24,2024-07-03,2024-07-03,9306.24,1,7.754e-05,462,Tail,0.9992365
V00307,"Stevens, Norris and Cox",Asia Pacific,Japan,False,False,,Low,6,2,8661.96,4330.98,2024-06-04,2024-06-16,8661.96,2,7.217e-05,463,Tail,0.99930867
V00265,Huerta PLC,Latin America,Chile,False,False,,Low,28,1,8511.92,8511.92,2024-04-13,2024-04-13,8511.92,1,7.092e-05,464,Tail,0.99937959
V00021,"Ellis, Baker and Wright",Europe,UK,False,False,,Low,26,1,8364.65,8364.65,2024-06-21,2024-06-21,8364.65,1,6.969e-05,465,Tail,0.99944928
V00426,"Chambers, Mitchell and Smith",North America,Mexico,False,False,,Medium,45,2,7860.97,3930.485,2025-04-21,2025-10-01,7860.97,2,6.549e-05,466,Tail,0.99951477
V00420,Davis LLC,Europe,Italy,False,False,,Low,10,1,7031.09,7031.09,2024-08-10,2024-08-10,7031.09,1,5.858e-05,467,Tail,0.99957335
V00483,Gill Ltd,Latin America,Brazil,True,False,,Low,19,1,6686.8,6686.8,2025-05-10,2025-05-10,6686.8,1,5.571e-05,468,Tail,0.99962906
V00442,Hernandez-Becker,Europe,France,False,False,,Low,1,2,5792.24,2896.12,2024-11-01,2025-11-07,5792.24,2,4.826e-05,469,Tail,0.99967732
V00139,Obrien Ltd,Latin America,Brazil,False,False,,High,80,2,5613.59,2806.795,2025-04-11,2025-06-30,5613.59,2,4.677e-05,470,Tail,0.99972409
V00493,Mitchell and Sons,North America,Mexico,False,True,,Low,12,1,4464.92,4464.92,2025-02-09,2025-02-09,4464.92,1,3.72e-05,471,Tail,0.99976129
V00404,"Bowman, White and Burch",Latin America,Brazil,False,False,,Low,22,1,3910.08,3910.08,2024-05-31,2024-05-31,3910.08,1,3.258e-05,472,Tail,0.99979387
V00150,Keith-Sanchez,Asia Pacific,Japan,True,False,,Low,35,1,3799.03,3799.03,2024-11-18,2024-11-18,3799.03,1,3.165e-05,473,Tail,0.99982552
V00009,Munoz-Roman,Latin America,Argentina,False,False,Minority-Owned,Low,19,1,3553.51,3553.51,2024-10-25,2024-10-25,3553.51,1,2.961e-05,474,Tail,0.99985513
V00167,Mendoza-Peterson,Asia Pacific,China,False,False,,Low,15,1,3475.41,3475.41,2025-09-14,2025-09-14,3475.41,1,2.896e-05,475,Tail,0.99988409
V00175,"Garcia, Farmer and Garrett",Latin America,Brazil,False,False,,Medium,49,2,2848.13,1424.065,2024-09-06,2025-10-26,2848.13,2,2.373e-05,476,Tail,0.99990782
V00190,Costa-Harrison,Europe,Netherlands,False,True,,Medium,61,1,2708.18,2708.18,2024-12-21,2024-12-21,2708.18,1,2.256e-05,477,Tail,0.99993038
V00344,Sheppard-Mueller,North America,USA,True,True,,Low,27,1,2589.34,2589.34,2024-05-11,2024-05-11,2589.34,1,2.157e-05,478,Tail,0.99995195
V00402,Martinez LLC,North America,USA,False,False,,Low,26,1,1890.55,1890.55,2024-12-16,2024-12-16,1890.55,1,1.575e-05,479,Tail,0.9999677
V00122,Daniels-Perry,Asia Pacific,Singapore,False,False,,Medium,53,1,1118.64,1118.64,2024-01-25,2024-01-25,1118.64,1,9.32e-06,480,Tail,0.99997702
V00059,Shaw-Farrell,Europe,UK,False,False,,Low,27,1,1093.0,1093.0,2025-07-21,2025-07-21,1093.0,1,9.11e-06,481,Tail,0.99998613
V00055,Baker-Bowers,Latin America,Argentina,False,False,,Medium,46,1,968.75,968.75,2025-10-25,2025-10-25,968.75,1,8.07e-06,482,Tail,0.9999942
V00135,"Williams, Crane and Walker",Asia Pacific,Australia,False,False,,Low,5,1,697.08,697.08,2025-11-12,2025-11-12,697.08,1,5.81e-06,483,Tail,1.00000001
