contract_id,vendor_id,start_date,end_date,negotiated_rate,savings_estimate,payment_terms
C00001,V00362,2022-05-22,2025-05-21,0.156,385752.66,Net 45
C00002,V00362,2022-06-21,2024-06-20,0.07,331863.57,Net 60
C00003,V00362,2024-03-08,2028-03-07,0.213,459457.15,Net 30
C00004,V00074,2023-11-29,2025-11-28,0.165,491505.67,Net 15
C00005,V00074,2022-01-30,2025-01-29,0.237,495855.54,Net 45
C00006,V00375,2023-08-25,2027-08-24,0.114,371671.5,Net 60
C00007,V00156,2023-07-15,2025-07-14,0.191,182324.25,Net 45
C00008,V00156,2024-05-02,2028-05-01,0.24,419981.45,Net 15
C00009,V00156,2024-03-20,2028-03-19,0.112,250313.85,Net 30
C00010,V00105,2022-08-08,2026-08-07,0.094,267959.77,Net 30
C00011,V00395,2022-03-03,2026-03-02,0.09,73939.88,Net 45
C00012,V00378,2023-06-26,2026-06-25,0.062,82378.89,Net 45
C00013,V00378,2023-02-11,2025-02-10,0.219,431728.04,Net 30
C00014,V00378,2023-09-05,2026-09-04,0.191,334448.38,Net 30
C00015,V00125,2024-03-05,2027-03-05,0.077,87176.9,Net 15
C00016,V00069,2022-08-11,2025-08-10,0.18,95359.31,Net 60
C00017,V00069,2022-02-10,2024-02-10,0.183,409082.58,Net 15
C00018,V00451,2023-02-04,2026-02-03,0.075,367127.17,Net 15
C00019,V00010,2023-05-07,2027-05-06,0.056,305170.45,Net 45
C00020,V00010,2023-11-19,2027-11-18,0.071,253130.68,Net 60
C00021,V00010,2023-12-08,2025-12-07,0.098,491366.03,Net 45
C00022,V00195,2022-05-08,2024-05-07,0.214,338312.04,Net 60
C00023,V00195,2024-06-24,2027-06-24,0.052,112745.3,Net 30
C00024,V00407,2022-08-02,2024-08-01,0.194,33592.25,Net 15
C00025,V00085,2024-04-14,2026-04-14,0.227,251610.18,Net 15
C00026,V00085,2023-06-09,2026-06-08,0.159,59699.99,Net 15
C00027,V00372,2023-06-11,2027-06-10,0.18,346708.6,Net 45
C00028,V00372,2023-12-05,2026-12-04,0.065,424423.62,Net 60
C00029,V00389,2024-01-16,2027-01-15,0.24,46358.2,Net 45
C00030,V00496,2022-08-04,2024-08-03,0.196,278052.67,Net 30
C00031,V00496,2024-03-09,2027-03-09,0.169,310685.92,Net 15
C00032,V00496,2024-06-16,2026-06-16,0.136,330281.24,Net 15
C00033,V00031,2023-04-20,2025-04-19,0.116,487455.23,Net 15
C00034,V00317,2023-01-12,2027-01-11,0.103,147946.31,Net 45
C00035,V00317,2022-09-08,2024-09-07,0.06,290167.21,Net 15
C00036,V00409,2023-05-23,2026-05-22,0.051,52937.9,Net 15
C00037,V00491,2023-06-24,2025-06-23,0.091,322713.42,Net 30
C00038,V00492,2023-11-01,2025-10-31,0.112,204759.0,Net 15
C00039,V00492,2022-06-09,2025-06-08,0.068,276621.75,Net 45
C00040,V00281,2023-09-11,2026-09-10,0.124,228429.88,Net 60
C00041,V00357,2023-05-22,2026-05-21,0.095,141595.38,Net 30
C00042,V00357,2022-02-12,2024-02-12,0.2,337059.54,Net 30
C00043,V00077,2022-11-10,2026-11-09,0.133,380663.87,Net 45
C00044,V00077,2023-08-10,2027-08-09,0.062,199681.99,Net 15
C00045,V00462,2022-12-14,2025-12-13,0.165,125464.59,Net 60
C00046,V00462,2023-04-23,2025-04-22,0.129,428430.51,Net 30
C00047,V00462,2023-09-27,2027-09-26,0.164,263240.52,Net 45
C00048,V00498,2023-01-07,2026-01-06,0.085,492340.32,Net 45
C00049,V00212,2022-10-01,2024-09-30,0.059,48400.58,Net 15
C00050,V00212,2022-06-17,2024-06-16,0.249,317340.84,Net 60
C00051,V00212,2023-05-06,2026-05-05,0.232,457945.23,Net 30
C00052,V00102,2022-08-08,2026-08-07,0.129,169802.13,Net 60
C00053,V00335,2022-07-25,2024-07-24,0.207,315298.39,Net 15
C00054,V00335,2024-02-21,2026-02-20,0.133,82617.87,Net 30
C00055,V00476,2022-05-12,2026-05-11,0.206,395015.36,Net 60
C00056,V00476,2023-02-26,2026-02-25,0.103,330845.96,Net 15
C00057,V00476,2022-02-22,2024-02-22,0.084,207457.24,Net 15
C00058,V00337,2023-01-11,2026-01-10,0.188,34152.58,Net 15
C00059,V00441,2023-01-15,2026-01-14,0.054,410519.1,Net 60
C00060,V00441,2023-04-28,2026-04-27,0.106,250893.41,Net 30
C00061,V00441,2022-12-20,2024-12-19,0.077,487367.52,Net 15
C00062,V00174,2022-08-21,2025-08-20,0.104,214218.64,Net 30
C00063,V00174,2022-10-28,2024-10-27,0.138,457582.07,Net 15
C00064,V00003,2022-03-14,2026-03-13,0.223,412298.52,Net 45
C00065,V00003,2023-02-14,2025-02-13,0.112,258329.68,Net 45
C00066,V00334,2022-12-05,2026-12-04,0.226,24184.6,Net 45
C00067,V00334,2023-05-03,2025-05-02,0.217,132250.23,Net 15
C00068,V00410,2024-01-26,2027-01-25,0.191,144248.97,Net 15
C00069,V00071,2022-02-16,2024-02-16,0.186,128549.67,Net 15
C00070,V00071,2022-12-10,2026-12-09,0.139,480654.99,Net 15
C00071,V00210,2023-07-06,2026-07-05,0.119,420450.35,Net 60
C00072,V00210,2022-02-06,2024-02-06,0.107,199417.18,Net 45
C00073,V00064,2022-03-08,2024-03-07,0.221,327216.15,Net 45
C00074,V00064,2024-01-04,2027-01-03,0.18,261507.8,Net 30
C00075,V00064,2023-06-20,2026-06-19,0.232,327212.06,Net 30
C00076,V00385,2023-09-04,2027-09-03,0.211,159675.25,Net 60
C00077,V00094,2022-07-17,2025-07-16,0.22,234909.03,Net 45
C00078,V00094,2022-07-10,2025-07-09,0.11,265112.57,Net 15
C00079,V00486,2024-04-06,2026-04-06,0.152,334554.17,Net 60
C00080,V00486,2022-10-04,2026-10-03,0.179,308434.55,Net 60
C00081,V00186,2024-04-08,2027-04-08,0.063,494296.87,Net 60
C00082,V00186,2022-07-12,2025-07-11,0.102,358435.95,Net 60
C00083,V00034,2022-06-23,2026-06-22,0.203,450846.65,Net 15
C00084,V00078,2023-11-07,2025-11-06,0.194,331146.28,Net 60
C00085,V00078,2023-11-12,2026-11-11,0.231,208253.46,Net 30
C00086,V00001,2023-11-19,2027-11-18,0.213,178151.85,Net 45
C00087,V00001,2024-04-13,2028-04-12,0.178,243110.25,Net 60
C00088,V00012,2023-09-26,2025-09-25,0.218,439482.44,Net 45
C00089,V00012,2023-10-04,2026-10-03,0.07,72692.63,Net 60
C00090,V00416,2022-12-28,2026-12-27,0.203,99703.49,Net 60
C00091,V00416,2022-08-07,2024-08-06,0.094,119430.68,Net 60
C00092,V00023,2022-10-20,2025-10-19,0.124,296929.64,Net 15
C00093,V00023,2022-09-15,2024-09-14,0.144,434532.75,Net 30
C00094,V00073,2023-03-01,2025-02-28,0.15,435073.9,Net 15
C00095,V00073,2023-08-14,2027-08-13,0.11,36490.37,Net 45
C00096,V00183,2022-10-08,2024-10-07,0.119,493723.88,Net 15
C00097,V00132,2022-11-24,2024-11-23,0.206,248914.61,Net 45
C00098,V00411,2024-03-15,2026-03-15,0.051,144028.65,Net 45
C00099,V00194,2023-03-01,2025-02-28,0.148,384148.89,Net 30
C00100,V00194,2024-01-02,2026-01-01,0.173,320408.89,Net 15
C00101,V00056,2023-10-21,2026-10-20,0.127,28485.41,Net 45
C00102,V00056,2023-11-25,2026-11-24,0.24,447083.13,Net 45
C00103,V00149,2022-10-19,2024-10-18,0.175,131923.33,Net 60
C00104,V00019,2022-07-05,2024-07-04,0.127,298448.64,Net 45
C00105,V00205,2022-10-13,2024-10-12,0.11,152505.62,Net 60
C00106,V00079,2022-02-11,2024-02-11,0.119,451678.05,Net 60
C00107,V00079,2024-02-27,2026-02-26,0.083,454378.18,Net 15
C00108,V00495,2023-11-07,2025-11-06,0.195,74290.83,Net 30
C00109,V00263,2022-01-15,2024-01-15,0.075,358443.94,Net 30
C00110,V00263,2023-05-20,2026-05-19,0.225,135336.7,Net 30
C00111,V00324,2023-06-17,2025-06-16,0.182,330248.13,Net 30
C00112,V00324,2023-10-18,2025-10-17,0.188,214220.03,Net 15
C00113,V00484,2022-09-26,2025-09-25,0.145,85032.28,Net 30
C00114,V00080,2022-06-28,2024-06-27,0.182,142288.8,Net 45
C00115,V00040,2022-07-29,2024-07-28,0.152,312672.0,Net 60
C00116,V00040,2023-06-04,2025-06-03,0.207,253892.14,Net 45
C00117,V00452,2022-08-12,2026-08-11,0.245,185381.7,Net 15
C00118,V00452,2023-05-17,2026-05-16,0.082,278587.99,Net 45
C00119,V00047,2024-05-09,2027-05-09,0.116,11341.62,Net 30
C00120,V00047,2022-11-04,2024-11-03,0.217,337820.75,Net 45
C00121,V00239,2023-11-27,2027-11-26,0.065,364552.36,Net 60
C00122,V00239,2023-03-22,2025-03-21,0.141,488872.57,Net 60
C00123,V00239,2023-10-22,2026-10-21,0.06,408457.42,Net 30
C00124,V00392,2023-11-05,2026-11-04,0.21,163226.48,Net 30
C00125,V00392,2023-02-24,2025-02-23,0.22,446243.09,Net 30
C00126,V00392,2023-10-30,2025-10-29,0.183,93551.02,Net 60
C00127,V00353,2022-11-17,2026-11-16,0.104,369203.29,Net 60
C00128,V00353,2022-05-08,2025-05-07,0.087,206380.98,Net 15
C00129,V00353,2023-05-13,2026-05-12,0.217,348052.19,Net 15
C00130,V00342,2022-06-17,2024-06-16,0.073,351123.24,Net 30
C00131,V00342,2024-03-21,2026-03-21,0.071,456501.11,Net 15
C00132,V00278,2024-06-21,2027-06-21,0.086,196077.88,Net 60
C00133,V00278,2024-05-22,2028-05-21,0.056,345387.43,Net 45
C00134,V00278,2023-04-23,2026-04-22,0.234,65339.36,Net 15
C00135,V00291,2024-02-04,2026-02-03,0.102,163976.59,Net 45
C00136,V00291,2022-03-09,2025-03-08,0.154,347238.41,Net 30
C00137,V00318,2024-01-16,2026-01-15,0.146,335218.22,Net 15
C00138,V00318,2022-02-14,2024-02-14,0.218,283588.68,Net 30
C00139,V00305,2022-01-06,2024-01-06,0.151,239951.58,Net 15
C00140,V00269,2022-05-06,2024-05-05,0.2,167110.57,Net 60
C00141,V00269,2023-07-29,2026-07-28,0.06,119126.2,Net 15
C00142,V00269,2022-03-03,2025-03-02,0.213,48626.99,Net 15
C00143,V00070,2022-05-18,2025-05-17,0.068,254243.51,Net 60
C00144,V00070,2022-07-19,2024-07-18,0.246,375167.09,Net 30
C00145,V00070,2023-02-20,2025-02-19,0.131,27557.65,Net 30
C00146,V00456,2022-02-25,2026-02-24,0.243,322393.68,Net 45
C00147,V00456,2023-08-04,2026-08-03,0.24,188037.81,Net 30
C00148,V00456,2024-04-30,2026-04-30,0.219,172666.59,Net 15
C00149,V00466,2024-04-11,2027-04-11,0.193,65871.45,Net 45
C00150,V00466,2023-08-24,2025-08-23,0.118,416643.1,Net 60
C00151,V00155,2022-01-15,2025-01-14,0.19,32431.27,Net 45
C00152,V00155,2023-04-30,2026-04-29,0.078,361259.5,Net 15
C00153,V00083,2023-01-10,2027-01-09,0.089,69165.45,Net 15
C00154,V00478,2022-01-16,2024-01-16,0.193,62805.22,Net 15
C00155,V00173,2023-10-20,2027-10-19,0.075,446959.63,Net 15
C00156,V00322,2023-05-04,2027-05-03,0.077,254426.03,Net 30
C00157,V00322,2022-09-19,2026-09-18,0.237,421019.89,Net 15
C00158,V00091,2023-04-03,2025-04-02,0.188,95088.63,Net 45
C00159,V00091,2023-09-28,2025-09-27,0.127,304267.55,Net 60
C00160,V00091,2023-01-28,2027-01-27,0.226,215145.73,Net 45
C00161,V00181,2024-05-06,2027-05-06,0.244,231894.4,Net 45
C00162,V00415,2022-06-13,2026-06-12,0.19,376729.16,Net 60
C00163,V00313,2024-04-16,2028-04-15,0.222,358818.43,Net 45
C00164,V00313,2023-04-23,2025-04-22,0.092,360048.42,Net 60
C00165,V00313,2022-08-08,2024-08-07,0.246,328542.33,Net 45
C00166,V00279,2023-07-19,2026-07-18,0.192,382779.76,Net 15
C00167,V00279,2022-08-18,2026-08-17,0.164,336907.05,Net 15
C00168,V00382,2022-11-19,2026-11-18,0.107,425177.53,Net 30
C00169,V00382,2023-12-26,2027-12-25,0.071,196626.45,Net 30
C00170,V00473,2022-03-13,2024-03-12,0.103,394910.77,Net 60
C00171,V00473,2024-05-23,2027-05-23,0.079,40396.08,Net 60
C00172,V00363,2023-02-23,2027-02-22,0.056,408872.85,Net 30
C00173,V00325,2022-08-10,2026-08-09,0.223,373782.24,Net 15
C00174,V00325,2023-09-28,2025-09-27,0.152,400448.49,Net 60
C00175,V00432,2022-10-01,2024-09-30,0.235,199901.78,Net 60
C00176,V00432,2024-01-25,2028-01-24,0.061,374398.28,Net 45
C00177,V00348,2022-03-15,2025-03-14,0.216,456628.32,Net 60
C00178,V00348,2024-06-22,2028-06-21,0.159,305659.62,Net 45
C00179,V00087,2023-08-16,2025-08-15,0.247,46489.81,Net 45
C00180,V00076,2022-01-29,2024-01-29,0.125,219968.83,Net 60
C00181,V00076,2023-01-05,2025-01-04,0.082,424546.96,Net 30
C00182,V00439,2022-12-10,2024-12-09,0.058,465027.84,Net 30
C00183,V00016,2023-03-10,2027-03-09,0.219,157565.86,Net 60
C00184,V00016,2023-08-04,2025-08-03,0.207,165750.91,Net 45
C00185,V00250,2023-10-03,2027-10-02,0.064,257518.77,Net 15
C00186,V00250,2022-03-17,2026-03-16,0.157,55053.32,Net 45
C00187,V00250,2024-02-10,2026-02-09,0.183,172222.6,Net 60
C00188,V00434,2023-08-11,2027-08-10,0.156,498349.23,Net 30
C00189,V00020,2022-10-29,2025-10-28,0.139,453203.26,Net 45
C00190,V00323,2024-06-09,2027-06-09,0.126,400141.23,Net 30
C00191,V00323,2024-06-06,2027-06-06,0.101,364748.05,Net 30
C00192,V00323,2024-03-26,2028-03-25,0.214,193729.44,Net 15
C00193,V00333,2024-04-17,2027-04-17,0.23,104331.07,Net 30
C00194,V00333,2022-07-29,2024-07-28,0.083,478575.34,Net 30
C00195,V00057,2024-04-01,2026-04-01,0.184,389055.31,Net 15
C00196,V00057,2023-09-23,2025-09-22,0.091,416086.85,Net 15
C00197,V00302,2023-06-01,2025-05-31,0.199,85339.74,Net 15
C00198,V00302,2022-09-04,2025-09-03,0.058,45891.53,Net 45
C00199,V00230,2024-04-21,2028-04-20,0.064,412593.47,Net 60
C00200,V00230,2023-09-16,2026-09-15,0.128,318806.46,Net 15
C00201,V00332,2022-09-13,2025-09-12,0.185,272068.84,Net 30
C00202,V00133,2023-05-10,2027-05-09,0.059,425643.11,Net 60
C00203,V00133,2023-08-23,2027-08-22,0.071,395577.03,Net 60
C00204,V00138,2022-06-13,2025-06-12,0.203,224461.31,Net 15
C00205,V00138,2024-02-14,2026-02-13,0.145,271399.2,Net 45
C00206,V00424,2022-01-15,2026-01-14,0.109,320682.38,Net 60
C00207,V00424,2022-07-08,2025-07-07,0.241,15463.6,Net 45
C00208,V00336,2022-05-12,2024-05-11,0.165,203100.03,Net 30
C00209,V00026,2024-01-18,2027-01-17,0.092,453757.73,Net 45
C00210,V00465,2024-01-18,2026-01-17,0.173,133843.47,Net 30
C00211,V00282,2024-04-26,2028-04-25,0.22,427179.98,Net 15
C00212,V00248,2022-09-30,2024-09-29,0.108,43007.75,Net 30
C00213,V00248,2023-05-29,2025-05-28,0.195,248723.3,Net 60
C00214,V00238,2023-06-01,2025-05-31,0.07,313562.73,Net 45
C00215,V00118,2024-02-13,2027-02-12,0.116,333116.9,Net 45
C00216,V00043,2023-09-09,2026-09-08,0.212,479742.87,Net 45
C00217,V00043,2023-05-08,2025-05-07,0.113,394973.45,Net 15
C00218,V00221,2022-12-16,2025-12-15,0.077,369156.67,Net 15
C00219,V00177,2023-11-05,2026-11-04,0.205,248615.98,Net 30
C00220,V00177,2023-12-22,2025-12-21,0.179,50167.11,Net 60
C00221,V00321,2023-09-20,2025-09-19,0.228,106251.65,Net 30
C00222,V00321,2022-03-13,2024-03-12,0.228,426297.76,Net 30
C00223,V00321,2023-11-11,2027-11-10,0.166,386908.12,Net 45
C00224,V00154,2022-11-12,2026-11-11,0.102,448053.11,Net 15
C00225,V00154,2022-03-30,2024-03-29,0.123,119420.26,Net 60
C00226,V00154,2022-07-31,2024-07-30,0.143,260101.88,Net 15
C00227,V00232,2022-03-11,2024-03-10,0.183,425511.1,Net 45
C00228,V00228,2023-07-06,2025-07-05,0.139,97781.14,Net 45
C00229,V00228,2023-07-14,2026-07-13,0.238,29805.71,Net 15
C00230,V00418,2023-06-27,2026-06-26,0.124,30976.14,Net 45
C00231,V00204,2024-06-01,2027-06-01,0.128,459771.95,Net 30
C00232,V00204,2022-10-25,2024-10-24,0.246,168794.84,Net 60
C00233,V00127,2023-08-01,2026-07-31,0.166,289378.47,Net 15
C00234,V00127,2023-12-15,2026-12-14,0.123,330134.91,Net 30
C00235,V00127,2023-02-15,2027-02-14,0.1,486610.31,Net 45
C00236,V00330,2022-07-27,2025-07-26,0.213,179065.84,Net 15
C00237,V00330,2023-05-19,2027-05-18,0.051,442196.78,Net 15
C00238,V00032,2022-12-09,2024-12-08,0.153,147596.66,Net 45
C00239,V00114,2022-06-19,2025-06-18,0.17,410307.99,Net 45
C00240,V00471,2023-06-18,2026-06-17,0.194,245943.16,Net 15
C00241,V00471,2022-12-13,2025-12-12,0.092,89010.67,Net 15
C00242,V00272,2023-12-05,2025-12-04,0.076,300250.35,Net 45
C00243,V00141,2022-09-27,2024-09-26,0.228,81963.9,Net 45
C00244,V00141,2022-08-13,2025-08-12,0.234,263153.94,Net 15
C00245,V00058,2022-03-08,2026-03-07,0.178,440469.4,Net 60
C00246,V00058,2022-09-02,2024-09-01,0.093,307197.69,Net 15
C00247,V00193,2022-12-13,2024-12-12,0.094,211275.76,Net 45
C00248,V00193,2023-12-16,2027-12-15,0.214,99123.23,Net 60
C00249,V00193,2022-05-21,2024-05-20,0.195,177908.92,Net 15
C00250,V00025,2022-12-21,2024-12-20,0.096,198876.32,Net 30
C00251,V00025,2022-11-25,2024-11-24,0.09,431199.93,Net 15
C00252,V00018,2022-03-25,2026-03-24,0.069,243175.9,Net 30
C00253,V00018,2024-05-09,2028-05-08,0.151,67583.04,Net 15
C00254,V00018,2023-02-10,2025-02-09,0.23,274250.13,Net 30
C00255,V00266,2023-11-25,2026-11-24,0.154,191484.95,Net 30
C00256,V00266,2022-04-04,2026-04-03,0.136,469826.6,Net 15
C00257,V00266,2022-03-21,2025-03-20,0.12,404264.31,Net 30
C00258,V00067,2023-01-28,2026-01-27,0.145,123931.32,Net 30
C00259,V00067,2023-05-23,2026-05-22,0.17,276428.2,Net 60
C00260,V00209,2023-04-12,2025-04-11,0.166,67736.02,Net 30
C00261,V00480,2022-04-05,2024-04-04,0.188,164791.84,Net 60
C00262,V00095,2022-03-23,2025-03-22,0.18,134280.04,Net 15
C00263,V00254,2023-05-20,2027-05-19,0.105,343496.8,Net 45
C00264,V00254,2023-06-28,2026-06-27,0.16,283205.71,Net 45
C00265,V00267,2023-12-16,2027-12-15,0.147,494369.05,Net 60
C00266,V00024,2024-02-26,2027-02-25,0.197,428949.47,Net 30
C00267,V00024,2022-01-12,2024-01-12,0.139,352662.61,Net 45
C00268,V00223,2023-01-12,2027-01-11,0.13,175834.54,Net 30
C00269,V00262,2023-12-11,2025-12-10,0.211,413395.18,Net 15
C00270,V00427,2023-10-23,2026-10-22,0.068,138915.08,Net 60
C00271,V00427,2023-05-25,2025-05-24,0.172,365002.41,Net 15
C00272,V00427,2024-06-23,2028-06-22,0.181,150369.92,Net 30
C00273,V00006,2022-08-10,2024-08-09,0.178,225096.3,Net 45
C00274,V00006,2023-04-20,2027-04-19,0.107,26468.58,Net 45
C00275,V00006,2023-09-17,2027-09-16,0.084,27669.96,Net 45
C00276,V00117,2022-06-04,2024-06-03,0.067,145209.07,Net 15
C00277,V00117,2022-09-02,2025-09-01,0.184,208670.97,Net 45
C00278,V00046,2022-09-02,2024-09-01,0.234,279300.4,Net 60
C00279,V00046,2022-05-13,2025-05-12,0.243,145488.85,Net 45
C00280,V00017,2022-06-02,2025-06-01,0.165,137942.68,Net 15
C00281,V00017,2022-09-09,2026-09-08,0.071,45469.13,Net 60
C00282,V00463,2022-10-01,2024-09-30,0.211,478787.58,Net 60
C00283,V00358,2023-12-15,2026-12-14,0.163,387283.92,Net 60
C00284,V00358,2022-11-25,2025-11-24,0.186,449296.67,Net 30
C00285,V00004,2024-05-10,2027-05-10,0.064,320494.28,Net 45
C00286,V00004,2023-10-19,2025-10-18,0.21,212088.73,Net 60
C00287,V00219,2023-03-28,2025-03-27,0.19,139041.35,Net 60
C00288,V00219,2023-07-16,2025-07-15,0.13,376906.18,Net 60
C00289,V00406,2023-02-22,2025-02-21,0.145,183233.58,Net 60
C00290,V00061,2022-05-04,2024-05-03,0.15,107836.6,Net 45
C00291,V00111,2022-01-07,2024-01-07,0.096,419120.84,Net 60
C00292,V00111,2022-12-27,2024-12-26,0.206,68740.46,Net 30
C00293,V00111,2024-02-06,2027-02-05,0.173,384479.66,Net 30
C00294,V00319,2022-12-13,2025-12-12,0.174,251246.79,Net 60
C00295,V00319,2024-02-25,2027-02-24,0.087,384488.54,Net 60
C00296,V00319,2023-02-06,2026-02-05,0.094,292565.94,Net 30
C00297,V00429,2023-01-28,2026-01-27,0.146,274976.29,Net 60
C00298,V00429,2024-01-21,2027-01-20,0.222,390192.94,Net 15
C00299,V00030,2023-08-17,2027-08-16,0.142,347713.17,Net 30
C00300,V00030,2023-06-26,2025-06-25,0.126,59366.43,Net 60
C00301,V00030,2022-10-01,2026-09-30,0.222,101704.7,Net 60
C00302,V00438,2023-07-04,2026-07-03,0.242,178117.27,Net 45
C00303,V00472,2023-09-26,2025-09-25,0.134,378575.92,Net 60
C00304,V00472,2023-03-13,2026-03-12,0.106,98145.72,Net 45
C00305,V00027,2022-06-11,2024-06-10,0.213,363199.58,Net 45
C00306,V00027,2022-12-29,2026-12-28,0.136,196632.86,Net 45
C00307,V00027,2022-10-18,2024-10-17,0.145,14773.72,Net 15
C00308,V00008,2023-11-01,2027-10-31,0.157,164706.35,Net 15
C00309,V00008,2023-07-31,2026-07-30,0.1,430665.97,Net 30
C00310,V00454,2024-05-31,2026-05-31,0.062,408770.85,Net 15
C00311,V00109,2023-12-14,2025-12-13,0.14,173981.7,Net 60
C00312,V00109,2022-10-24,2025-10-23,0.162,466603.84,Net 60
C00313,V00109,2022-09-13,2025-09-12,0.054,69406.37,Net 45
C00314,V00038,2023-12-17,2027-12-16,0.085,392351.46,Net 60
C00315,V00038,2022-11-29,2025-11-28,0.185,248871.93,Net 15
C00316,V00158,2024-04-29,2027-04-29,0.173,237238.52,Net 45
C00317,V00158,2022-07-02,2024-07-01,0.178,464997.67,Net 15
C00318,V00158,2024-06-27,2028-06-26,0.164,425961.38,Net 30
C00319,V00490,2022-06-13,2025-06-12,0.096,165270.34,Net 60
C00320,V00119,2023-12-01,2027-11-30,0.179,142911.57,Net 15
C00321,V00119,2022-01-25,2025-01-24,0.2,265258.49,Net 15
C00322,V00115,2023-10-25,2025-10-24,0.221,71269.56,Net 45
C00323,V00115,2024-05-09,2027-05-09,0.238,353341.49,Net 30
C00324,V00176,2022-07-10,2025-07-09,0.071,41258.28,Net 15
C00325,V00374,2023-12-28,2025-12-27,0.204,266751.57,Net 30
C00326,V00374,2024-01-28,2026-01-27,0.102,86084.44,Net 15
C00327,V00182,2022-03-05,2024-03-04,0.198,227148.61,Net 45
C00328,V00145,2024-02-12,2026-02-11,0.056,335139.08,Net 60
C00329,V00370,2023-12-26,2026-12-25,0.245,274886.24,Net 60
C00330,V00370,2023-09-06,2027-09-05,0.139,485075.71,Net 45
C00331,V00370,2022-05-07,2026-05-06,0.17,319213.29,Net 15
C00332,V00391,2022-10-03,2026-10-02,0.112,180112.47,Net 45
C00333,V00391,2022-08-19,2024-08-18,0.138,189233.83,Net 60
C00334,V00196,2022-05-21,2024-05-20,0.05,409536.1,Net 45
C00335,V00405,2023-01-21,2026-01-20,0.157,347007.28,Net 15
C00336,V00276,2022-12-10,2025-12-09,0.11,385275.91,Net 60
C00337,V00276,2023-02-14,2027-02-13,0.096,13536.81,Net 60
C00338,V00276,2023-06-29,2025-06-28,0.132,284671.64,Net 15
C00339,V00455,2023-06-15,2026-06-14,0.216,118090.29,Net 30
C00340,V00142,2023-05-02,2025-05-01,0.153,401979.94,Net 60
C00341,V00142,2024-04-21,2027-04-21,0.18,270652.69,Net 60
C00342,V00366,2024-03-03,2026-03-03,0.086,151901.7,Net 15
C00343,V00366,2023-01-17,2027-01-16,0.141,353231.57,Net 15
C00344,V00068,2022-02-03,2024-02-03,0.08,485160.95,Net 30
C00345,V00211,2024-06-01,2026-06-01,0.106,71269.21,Net 15
C00346,V00169,2023-10-02,2025-10-01,0.068,17215.17,Net 45
C00347,V00169,2024-01-11,2027-01-10,0.134,395005.42,Net 15
C00348,V00494,2023-06-25,2026-06-24,0.189,25551.19,Net 30
C00349,V00494,2024-04-13,2026-04-13,0.061,390069.93,Net 30
C00350,V00494,2022-04-10,2026-04-09,0.144,104174.22,Net 60
C00351,V00376,2022-08-15,2024-08-14,0.074,386391.38,Net 45
C00352,V00376,2023-08-29,2026-08-28,0.204,227050.86,Net 30
C00353,V00376,2022-06-01,2024-05-31,0.142,387788.02,Net 45
C00354,V00401,2023-07-13,2026-07-12,0.237,87719.6,Net 30
C00355,V00401,2023-05-29,2027-05-28,0.154,134123.24,Net 60
C00356,V00273,2023-08-11,2025-08-10,0.223,116716.24,Net 30
C00357,V00110,2023-08-13,2026-08-12,0.115,92006.57,Net 60
C00358,V00249,2024-05-30,2027-05-30,0.208,14375.63,Net 30
C00359,V00249,2022-10-30,2026-10-29,0.207,242882.63,Net 45
C00360,V00146,2023-12-27,2025-12-26,0.1,254960.41,Net 60
C00361,V00093,2022-04-07,2024-04-06,0.062,325841.7,Net 30
C00362,V00093,2022-03-31,2024-03-30,0.148,165202.38,Net 60
C00363,V00093,2022-07-22,2025-07-21,0.197,20462.89,Net 15
C00364,V00153,2023-11-12,2025-11-11,0.1,29349.39,Net 15
C00365,V00368,2023-05-24,2027-05-23,0.189,102990.16,Net 45
C00366,V00368,2023-09-19,2027-09-18,0.12,368877.18,Net 60
C00367,V00468,2022-07-21,2026-07-20,0.233,281714.95,Net 30
C00368,V00468,2022-12-07,2026-12-06,0.081,154879.6,Net 60
C00369,V00468,2023-02-26,2027-02-25,0.123,10352.72,Net 15
C00370,V00084,2023-09-12,2025-09-11,0.174,188396.85,Net 45
C00371,V00084,2023-09-21,2026-09-20,0.194,332561.81,Net 15
C00372,V00246,2022-05-18,2025-05-17,0.203,85524.44,Net 60
C00373,V00166,2024-06-27,2027-06-27,0.072,266368.26,Net 30
C00374,V00164,2023-03-16,2025-03-15,0.086,25324.14,Net 30
C00375,V00200,2022-09-27,2024-09-26,0.056,324458.32,Net 15
C00376,V00200,2024-04-18,2027-04-18,0.155,353643.87,Net 60
C00377,V00229,2022-03-20,2024-03-19,0.171,44728.24,Net 45
C00378,V00075,2024-01-28,2026-01-27,0.144,323069.19,Net 60
C00379,V00075,2023-10-28,2027-10-27,0.199,446311.0,Net 60
C00380,V00479,2022-11-14,2024-11-13,0.215,140249.66,Net 30
C00381,V00479,2022-11-09,2024-11-08,0.217,48188.33,Net 45
C00382,V00359,2023-12-16,2025-12-15,0.07,123198.82,Net 15
C00383,V00359,2023-04-20,2025-04-19,0.089,331869.49,Net 45
C00384,V00359,2022-11-14,2026-11-13,0.2,213440.45,Net 30
C00385,V00251,2022-03-30,2026-03-29,0.122,234773.09,Net 15
C00386,V00251,2023-10-20,2025-10-19,0.083,98394.3,Net 15
C00387,V00120,2023-02-17,2025-02-16,0.157,303958.71,Net 60
C00388,V00120,2022-03-03,2025-03-02,0.16,498456.65,Net 60
C00389,V00311,2022-02-10,2025-02-09,0.215,168490.95,Net 45
C00390,V00311,2023-10-10,2027-10-09,0.159,193780.91,Net 60
C00391,V00300,2022-01-21,2025-01-20,0.139,204574.38,Net 30
C00392,V00256,2022-11-09,2026-11-08,0.053,76192.0,Net 60
C00393,V00256,2022-04-10,2024-04-09,0.11,118724.48,Net 60
C00394,V00256,2023-12-30,2025-12-29,0.204,472240.47,Net 60
C00395,V00355,2024-04-27,2028-04-26,0.161,463702.0,Net 45
C00396,V00355,2023-11-06,2025-11-05,0.058,184271.32,Net 45
C00397,V00355,2023-04-16,2026-04-15,0.123,295256.3,Net 45
C00398,V00400,2023-05-18,2026-05-17,0.068,205901.14,Net 45
C00399,V00226,2022-10-29,2025-10-28,0.209,94722.22,Net 30
C00400,V00226,2023-01-24,2027-01-23,0.178,28312.08,Net 15
C00401,V00354,2023-02-25,2025-02-24,0.234,173850.93,Net 15
C00402,V00235,2023-12-28,2025-12-27,0.224,121091.66,Net 30
C00403,V00235,2023-07-28,2026-07-27,0.061,266947.84,Net 60
C00404,V00383,2022-06-19,2024-06-18,0.115,351906.64,Net 45
C00405,V00383,2023-08-22,2025-08-21,0.185,498709.98,Net 15
C00406,V00275,2022-12-27,2026-12-26,0.151,118821.96,Net 60
C00407,V00275,2023-11-03,2026-11-02,0.08,174722.41,Net 15
C00408,V00037,2024-03-15,2026-03-15,0.16,138653.41,Net 15
C00409,V00037,2023-02-14,2027-02-13,0.137,351956.55,Net 45
C00410,V00197,2023-01-27,2025-01-26,0.148,329601.74,Net 45
C00411,V00197,2022-01-05,2026-01-04,0.173,370477.2,Net 45
C00412,V00140,2022-07-15,2025-07-14,0.205,168471.7,Net 30
C00413,V00365,2022-09-11,2025-09-10,0.135,180670.85,Net 60
C00414,V00245,2023-10-04,2025-10-03,0.204,92935.08,Net 60
C00415,V00440,2023-12-27,2026-12-26,0.175,225827.08,Net 45
C00416,V00440,2023-06-10,2025-06-09,0.187,86435.7,Net 30
C00417,V00287,2023-12-30,2025-12-29,0.099,314291.2,Net 45
C00418,V00060,2023-05-05,2026-05-04,0.053,349959.66,Net 30
C00419,V00060,2022-11-30,2025-11-29,0.14,21146.58,Net 45
C00420,V00060,2022-06-29,2026-06-28,0.092,277747.86,Net 60
C00421,V00112,2022-04-14,2026-04-13,0.196,79260.24,Net 30
C00422,V00112,2023-09-04,2026-09-03,0.167,335128.89,Net 30
C00423,V00090,2023-03-22,2025-03-21,0.107,396702.36,Net 60
C00424,V00437,2024-05-29,2026-05-29,0.063,333582.68,Net 60
C00425,V00007,2022-10-13,2024-10-12,0.108,442867.13,Net 15
C00426,V00007,2022-12-21,2024-12-20,0.246,259184.76,Net 30
C00427,V00007,2022-12-24,2025-12-23,0.147,302582.14,Net 30
C00428,V00361,2022-04-15,2026-04-14,0.243,284736.9,Net 30
C00429,V00347,2022-11-17,2026-11-16,0.111,250067.09,Net 45
C00430,V00339,2023-02-22,2026-02-21,0.121,158139.84,Net 60
C00431,V00159,2022-06-07,2025-06-06,0.226,446297.02,Net 30
C00432,V00159,2023-09-06,2027-09-05,0.24,120535.52,Net 60
C00433,V00159,2023-12-31,2026-12-30,0.181,53019.56,Net 15
C00434,V00151,2024-04-16,2028-04-15,0.225,346396.42,Net 15
C00435,V00151,2023-06-22,2025-06-21,0.165,218967.85,Net 60
C00436,V00178,2023-09-05,2026-09-04,0.14,74568.34,Net 45
C00437,V00178,2022-10-13,2026-10-12,0.158,402051.48,Net 45
C00438,V00178,2022-08-06,2025-08-05,0.188,450335.15,Net 45
C00439,V00394,2022-04-17,2024-04-16,0.181,286773.7,Net 45
C00440,V00394,2022-12-07,2025-12-06,0.064,271151.16,Net 30
C00441,V00185,2022-05-09,2024-05-08,0.195,385063.16,Net 15
C00442,V00450,2022-12-20,2025-12-19,0.139,467546.58,Net 60
C00443,V00450,2023-06-28,2025-06-27,0.206,62318.0,Net 45
C00444,V00450,2023-06-08,2025-06-07,0.202,309870.98,Net 60
C00445,V00011,2023-01-21,2027-01-20,0.096,123769.44,Net 30
C00446,V00011,2023-03-20,2026-03-19,0.066,392114.86,Net 45
C00447,V00381,2023-05-05,2027-05-04,0.144,328288.59,Net 45
C00448,V00381,2024-04-17,2027-04-17,0.148,77381.23,Net 45
C00449,V00104,2024-04-27,2027-04-27,0.203,17356.99,Net 60
C00450,V00082,2022-06-07,2024-06-06,0.198,494239.27,Net 45
C00451,V00082,2022-06-02,2024-06-01,0.085,477802.54,Net 15
C00452,V00082,2022-09-21,2026-09-20,0.148,169198.86,Net 15
C00453,V00039,2022-06-20,2025-06-19,0.131,30494.87,Net 15
C00454,V00039,2024-02-07,2027-02-06,0.129,470178.18,Net 30
C00455,V00039,2023-07-19,2027-07-18,0.072,233881.21,Net 30
C00456,V00315,2024-02-28,2026-02-27,0.154,203849.49,Net 30
C00457,V00315,2024-05-17,2028-05-16,0.127,384928.34,Net 30
C00458,V00315,2023-03-18,2025-03-17,0.108,205039.55,Net 60
C00459,V00168,2022-06-27,2025-06-26,0.142,217006.47,Net 30
C00460,V00168,2022-12-16,2026-12-15,0.231,237153.69,Net 15
C00461,V00470,2023-05-27,2027-05-26,0.073,391578.26,Net 45
C00462,V00297,2023-08-18,2026-08-17,0.14,97650.5,Net 45
C00463,V00475,2023-01-08,2025-01-07,0.1,348941.54,Net 45
C00464,V00475,2023-03-24,2025-03-23,0.068,356051.09,Net 60
C00465,V00475,2023-10-09,2025-10-08,0.155,198202.81,Net 45
C00466,V00199,2023-02-09,2026-02-08,0.059,93733.64,Net 60
C00467,V00298,2022-06-02,2024-06-01,0.082,80857.61,Net 30
C00468,V00298,2023-05-31,2026-05-30,0.112,367779.26,Net 15
C00469,V00417,2023-12-27,2025-12-26,0.074,74469.81,Net 45
C00470,V00147,2022-07-20,2025-07-19,0.052,253837.53,Net 15
C00471,V00393,2022-01-30,2024-01-30,0.172,251798.73,Net 45
C00472,V00393,2022-07-24,2026-07-23,0.182,232331.86,Net 15
C00473,V00148,2022-09-20,2026-09-19,0.051,442262.25,Net 60
C00474,V00448,2023-12-13,2027-12-12,0.214,111742.42,Net 45
C00475,V00448,2023-05-31,2025-05-30,0.061,181019.72,Net 45
C00476,V00288,2023-12-05,2027-12-04,0.218,156236.36,Net 30
C00477,V00288,2023-03-28,2025-03-27,0.072,496930.24,Net 45
C00478,V00288,2023-04-11,2026-04-10,0.172,348841.67,Net 45
C00479,V00124,2023-06-06,2027-06-05,0.122,27561.62,Net 60
C00480,V00124,2022-09-02,2025-09-01,0.124,195680.28,Net 30
C00481,V00124,2023-05-10,2026-05-09,0.219,41813.67,Net 15
C00482,V00369,2024-06-21,2027-06-21,0.116,212741.38,Net 45
C00483,V00097,2023-05-09,2027-05-08,0.062,289969.87,Net 30
C00484,V00097,2023-11-21,2026-11-20,0.195,306341.23,Net 60
C00485,V00144,2023-11-24,2026-11-23,0.102,291819.92,Net 60
C00486,V00144,2023-02-07,2025-02-06,0.173,253234.49,Net 15
C00487,V00240,2022-07-19,2024-07-18,0.227,124033.6,Net 60
C00488,V00240,2023-01-23,2025-01-22,0.05,21753.53,Net 30
C00489,V00443,2023-11-02,2025-11-01,0.21,499503.63,Net 15
C00490,V00443,2023-08-19,2025-08-18,0.117,284603.6,Net 45
C00491,V00098,2022-08-14,2024-08-13,0.188,134664.59,Net 30
C00492,V00408,2024-03-07,2028-03-06,0.16,385845.97,Net 30
C00493,V00123,2022-01-30,2025-01-29,0.129,288771.55,Net 30
C00494,V00123,2022-08-28,2024-08-27,0.089,418574.4,Net 15
C00495,V00184,2024-02-25,2026-02-24,0.179,245932.81,Net 15
C00496,V00184,2022-03-21,2026-03-20,0.229,236610.34,Net 15
C00497,V00184,2024-02-28,2026-02-27,0.217,156678.44,Net 60
C00498,V00203,2022-04-17,2024-04-16,0.092,345891.72,Net 60
C00499,V00203,2024-01-10,2026-01-09,0.244,147425.41,Net 30
C00500,V00247,2022-07-11,2025-07-10,0.175,422778.83,Net 15
C00501,V00306,2023-11-03,2025-11-02,0.223,378254.7,Net 60
C00502,V00299,2023-09-20,2026-09-19,0.133,253556.67,Net 45
C00503,V00299,2024-02-24,2027-02-23,0.14,475856.11,Net 45
C00504,V00352,2023-07-10,2025-07-09,0.072,394622.55,Net 45
C00505,V00352,2023-01-26,2025-01-25,0.139,22218.04,Net 15
C00506,V00387,2023-07-16,2025-07-15,0.088,462582.02,Net 60
C00507,V00387,2023-12-16,2026-12-15,0.079,437181.5,Net 45
C00508,V00387,2024-01-12,2026-01-11,0.195,235090.52,Net 30
C00509,V00396,2024-01-04,2026-01-03,0.187,301200.91,Net 30
C00510,V00285,2023-06-04,2025-06-03,0.071,385428.29,Net 60
C00511,V00126,2023-04-30,2026-04-29,0.178,112824.39,Net 45
C00512,V00303,2023-06-28,2026-06-27,0.156,388665.68,Net 30
C00513,V00224,2022-06-03,2024-06-02,0.105,17475.79,Net 30
C00514,V00419,2024-06-10,2027-06-10,0.16,142815.53,Net 60
C00515,V00220,2022-09-24,2024-09-23,0.064,310498.81,Net 60
C00516,V00220,2023-06-06,2027-06-05,0.139,73736.26,Net 15
C00517,V00130,2024-05-17,2026-05-17,0.071,36361.94,Net 15
C00518,V00130,2023-04-14,2026-04-13,0.086,302099.47,Net 15
C00519,V00130,2024-03-31,2028-03-30,0.121,172842.73,Net 45
C00520,V00421,2024-01-13,2028-01-12,0.066,462164.16,Net 15
C00521,V00421,2022-05-04,2026-05-03,0.076,408297.0,Net 15
C00522,V00290,2023-11-15,2026-11-14,0.187,358005.79,Net 15
C00523,V00445,2023-01-10,2025-01-09,0.079,448893.42,Net 60
C00524,V00445,2022-02-24,2025-02-23,0.128,352811.16,Net 60
C00525,V00377,2022-09-10,2025-09-09,0.141,24829.42,Net 15
C00526,V00377,2023-08-21,2025-08-20,0.12,236008.43,Net 45
C00527,V00292,2023-10-01,2026-09-30,0.171,72423.06,Net 30
C00528,V00356,2022-05-01,2024-04-30,0.115,328231.19,Net 60
C00529,V00356,2022-05-14,2026-05-13,0.142,299362.62,Net 45
C00530,V00295,2022-10-21,2026-10-20,0.082,246363.58,Net 30
C00531,V00295,2022-08-14,2025-08-13,0.092,350089.33,Net 15
C00532,V00397,2024-02-08,2027-02-07,0.163,177678.41,Net 45
C00533,V00397,2022-12-24,2024-12-23,0.183,48168.26,Net 15
C00534,V00341,2022-05-10,2026-05-09,0.143,281992.97,Net 15
C00535,V00113,2023-07-31,2026-07-30,0.064,63284.87,Net 15
C00536,V00180,2023-07-26,2025-07-25,0.068,410346.46,Net 30
C00537,V00308,2022-12-08,2024-12-07,0.141,152836.59,Net 15
C00538,V00308,2022-03-10,2024-03-09,0.091,439938.42,Net 60
C00539,V00433,2023-12-25,2026-12-24,0.234,468971.48,Net 60
C00540,V00433,2023-12-02,2025-12-01,0.167,309630.47,Net 15
C00541,V00488,2023-01-02,2026-01-01,0.062,451527.09,Net 30
C00542,V00488,2023-11-15,2025-11-14,0.191,412169.11,Net 60
C00543,V00488,2023-09-25,2025-09-24,0.222,434183.02,Net 45
C00544,V00482,2024-03-10,2028-03-09,0.129,165882.38,Net 15
C00545,V00482,2023-02-19,2026-02-18,0.126,277108.21,Net 45
C00546,V00423,2023-03-21,2025-03-20,0.161,423230.56,Net 60
C00547,V00423,2023-06-15,2026-06-14,0.081,498753.46,Net 45
C00548,V00234,2024-03-02,2026-03-02,0.18,80557.98,Net 15
C00549,V00312,2024-02-11,2026-02-10,0.067,324699.02,Net 15
C00550,V00312,2022-03-26,2025-03-25,0.229,350741.35,Net 15
C00551,V00165,2024-06-04,2027-06-04,0.152,280504.51,Net 15
C00552,V00165,2023-08-02,2026-08-01,0.121,101037.61,Net 30
C00553,V00137,2023-09-28,2025-09-27,0.192,141932.72,Net 60
C00554,V00137,2024-02-14,2026-02-13,0.246,288393.29,Net 60
C00555,V00198,2023-12-26,2026-12-25,0.242,49230.92,Net 60
C00556,V00259,2022-12-29,2024-12-28,0.155,308934.6,Net 45
C00557,V00259,2024-05-31,2027-05-31,0.176,335231.1,Net 30
C00558,V00233,2024-01-22,2028-01-21,0.21,163124.86,Net 30
C00559,V00233,2023-03-27,2026-03-26,0.157,15283.87,Net 15
C00560,V00116,2022-10-22,2025-10-21,0.165,172441.85,Net 60
C00561,V00116,2022-09-16,2025-09-15,0.108,27309.86,Net 60
C00562,V00121,2023-05-14,2027-05-13,0.102,318357.03,Net 45
C00563,V00121,2022-04-29,2026-04-28,0.06,495278.77,Net 30
C00564,V00350,2024-02-16,2026-02-15,0.075,47662.51,Net 60
C00565,V00225,2023-12-20,2027-12-19,0.106,430350.61,Net 30
C00566,V00403,2024-03-25,2028-03-24,0.085,299967.36,Net 45
C00567,V00403,2023-11-26,2026-11-25,0.124,95945.69,Net 45
C00568,V00398,2022-02-11,2026-02-10,0.222,177995.52,Net 30
C00569,V00398,2023-07-25,2025-07-24,0.169,412644.65,Net 15
C00570,V00128,2024-02-02,2027-02-01,0.204,126594.25,Net 15
C00571,V00128,2022-01-15,2024-01-15,0.092,369836.94,Net 60
C00572,V00286,2024-04-26,2027-04-26,0.201,66837.24,Net 45
C00573,V00412,2022-05-24,2025-05-23,0.11,375613.77,Net 45
C00574,V00412,2023-02-20,2026-02-19,0.187,201134.54,Net 60
C00575,V00108,2024-06-22,2027-06-22,0.052,464339.04,Net 15
C00576,V00371,2023-01-25,2026-01-24,0.242,344609.39,Net 30
C00577,V00326,2024-06-26,2028-06-25,0.177,478529.99,Net 15
C00578,V00134,2024-04-08,2027-04-08,0.117,140873.03,Net 30
C00579,V00134,2024-03-14,2027-03-14,0.181,201665.34,Net 45
C00580,V00453,2022-10-02,2026-10-01,0.204,264776.64,Net 45
C00581,V00453,2024-03-07,2027-03-07,0.16,339672.91,Net 30
C00582,V00045,2024-03-09,2026-03-09,0.155,345894.78,Net 60
C00583,V00461,2022-03-27,2025-03-26,0.1,26680.46,Net 30
C00584,V00066,2022-11-25,2026-11-24,0.181,419374.98,Net 30
C00585,V00284,2022-03-17,2024-03-16,0.067,306296.03,Net 15
C00586,V00284,2023-08-29,2027-08-28,0.211,100536.62,Net 30
C00587,V00086,2023-08-15,2026-08-14,0.109,333634.14,Net 30
C00588,V00086,2022-02-17,2025-02-16,0.235,145427.95,Net 15
C00589,V00243,2023-07-24,2026-07-23,0.101,392558.34,Net 60
C00590,V00243,2023-10-24,2025-10-23,0.127,173000.82,Net 30
C00591,V00187,2023-11-20,2026-11-19,0.086,44005.26,Net 45
C00592,V00384,2023-01-27,2025-01-26,0.179,63130.93,Net 15
C00593,V00384,2022-03-25,2024-03-24,0.173,62062.36,Net 15
C00594,V00160,2022-03-28,2024-03-27,0.057,44502.04,Net 60
C00595,V00160,2022-07-14,2025-07-13,0.054,253873.68,Net 30
C00596,V00013,2022-03-13,2025-03-12,0.103,353027.05,Net 15
C00597,V00013,2023-06-25,2027-06-24,0.051,356726.77,Net 15
C00598,V00013,2023-04-19,2026-04-18,0.137,423584.09,Net 30
C00599,V00036,2023-02-10,2025-02-09,0.127,347738.04,Net 15
C00600,V00036,2022-01-08,2024-01-08,0.163,468170.67,Net 60
C00601,V00029,2022-11-09,2025-11-08,0.13,319813.54,Net 30
C00602,V00171,2022-04-20,2025-04-19,0.066,235223.28,Net 60
C00603,V00143,2024-02-23,2026-02-22,0.161,484081.35,Net 45
C00604,V00143,2023-09-25,2026-09-24,0.189,449265.74,Net 60
C00605,V00399,2023-03-12,2026-03-11,0.197,78572.05,Net 45
C00606,V00399,2022-07-28,2024-07-27,0.194,300543.26,Net 15
C00607,V00343,2022-03-23,2026-03-22,0.179,254845.23,Net 15
C00608,V00222,2024-01-05,2026-01-04,0.057,37466.68,Net 30
C00609,V00222,2022-04-05,2025-04-04,0.074,405480.82,Net 15
C00610,V00222,2022-12-01,2026-11-30,0.08,293879.4,Net 30
C00611,V00096,2022-09-30,2024-09-29,0.148,19340.87,Net 30
C00612,V00052,2022-12-15,2024-12-14,0.053,320004.11,Net 60
C00613,V00241,2024-01-11,2026-01-10,0.141,93637.8,Net 30
C00614,V00241,2024-03-07,2026-03-07,0.073,301538.93,Net 45
C00615,V00241,2023-08-08,2025-08-07,0.211,218843.62,Net 15
C00616,V00485,2023-09-09,2027-09-08,0.159,167579.04,Net 45
C00617,V00379,2022-03-04,2026-03-03,0.085,40978.72,Net 60
C00618,V00379,2023-05-29,2025-05-28,0.202,92344.92,Net 60
C00619,V00179,2023-07-11,2026-07-10,0.099,295173.04,Net 45
C00620,V00179,2022-05-30,2024-05-29,0.208,319775.36,Net 15
C00621,V00042,2022-11-16,2024-11-15,0.226,49554.08,Net 30
C00622,V00042,2022-07-14,2024-07-13,0.235,356303.21,Net 60
C00623,V00499,2023-11-13,2026-11-12,0.188,111018.51,Net 60
C00624,V00499,2024-04-18,2028-04-17,0.14,127234.34,Net 45
C00625,V00422,2023-07-16,2025-07-15,0.169,361427.39,Net 30
C00626,V00422,2023-02-08,2026-02-07,0.12,12239.32,Net 45
C00627,V00207,2022-07-17,2026-07-16,0.245,313271.26,Net 45
C00628,V00283,2024-03-27,2026-03-27,0.105,104922.31,Net 45
C00629,V00283,2022-05-08,2025-05-07,0.15,88282.2,Net 30
C00630,V00255,2022-04-23,2025-04-22,0.107,222989.1,Net 60
C00631,V00413,2023-10-28,2026-10-27,0.059,372804.27,Net 45
C00632,V00413,2022-11-17,2024-11-16,0.207,247680.08,Net 30
C00633,V00005,2023-01-27,2025-01-26,0.194,300426.26,Net 60
C00634,V00257,2023-12-22,2026-12-21,0.096,63965.11,Net 45
C00635,V00257,2022-08-14,2024-08-13,0.097,212171.77,Net 45
C00636,V00449,2023-08-11,2025-08-10,0.065,296695.21,Net 30
C00637,V00101,2022-08-15,2024-08-14,0.093,308622.44,Net 45
C00638,V00101,2023-07-02,2026-07-01,0.125,234292.69,Net 45
C00639,V00101,2023-10-19,2026-10-18,0.245,109083.34,Net 45
C00640,V00227,2022-09-17,2026-09-16,0.062,76885.73,Net 15
C00641,V00430,2024-05-07,2026-05-07,0.202,117728.25,Net 60
C00642,V00430,2022-01-25,2026-01-24,0.081,399337.05,Net 45
C00643,V00214,2024-02-11,2028-02-10,0.221,52372.42,Net 15
C00644,V00214,2024-03-08,2026-03-08,0.168,420124.62,Net 60
C00645,V00172,2022-07-07,2025-07-06,0.197,130860.55,Net 60
C00646,V00099,2023-07-07,2025-07-06,0.228,299968.1,Net 45
C00647,V00099,2022-06-21,2026-06-20,0.23,214708.21,Net 30
C00648,V00293,2022-12-23,2025-12-22,0.197,257066.0,Net 15
C00649,V00216,2023-08-12,2026-08-11,0.212,351360.22,Net 30
C00650,V00216,2023-12-16,2026-12-15,0.149,50714.85,Net 30
C00651,V00062,2023-12-25,2026-12-24,0.24,75028.88,Net 60
C00652,V00062,2022-08-07,2024-08-06,0.18,54457.46,Net 15
C00653,V00048,2022-12-18,2024-12-17,0.191,430381.83,Net 30
C00654,V00048,2022-08-08,2025-08-07,0.143,77925.72,Net 15
C00655,V00033,2023-08-05,2026-08-04,0.175,354912.01,Net 30
C00656,V00268,2022-03-06,2024-03-05,0.127,348467.81,Net 30
C00657,V00268,2024-03-20,2027-03-20,0.135,142196.8,Net 45
C00658,V00268,2022-01-11,2024-01-11,0.174,174490.39,Net 30
C00659,V00328,2022-11-25,2025-11-24,0.228,64373.61,Net 60
C00660,V00328,2022-10-16,2025-10-15,0.174,189129.86,Net 45
C00661,V00201,2022-12-19,2024-12-18,0.162,389052.0,Net 45
C00662,V00201,2024-02-04,2027-02-03,0.098,65643.26,Net 15
C00663,V00447,2023-01-19,2027-01-18,0.224,354393.37,Net 45
C00664,V00447,2023-05-13,2026-05-12,0.121,141005.35,Net 15
C00665,V00028,2022-06-07,2024-06-06,0.125,231681.22,Net 30
C00666,V00425,2023-03-06,2027-03-05,0.186,271099.18,Net 60
C00667,V00425,2024-06-18,2027-06-18,0.174,401952.89,Net 30
C00668,V00231,2022-03-08,2025-03-07,0.067,201434.43,Net 45
C00669,V00261,2023-06-20,2025-06-19,0.072,145211.94,Net 45
C00670,V00289,2022-01-13,2024-01-13,0.154,317365.34,Net 60
C00671,V00289,2022-07-16,2025-07-15,0.244,275303.13,Net 45
